"순번","행정동 이름","시설 이름","주소","시설유형","이용가능인원","평일이용시간","주말이용시간","회원제 여부","X좌표","Y좌표","면적","비고"
"3","종로구","혜명경로당","서울특별시 종로구 혜화로9길 24-9","노인시설","100","09:00~18:00","","","199848.342439","554277.074165","",""
"4","중구","광희경로당","서울특별시 중구 퇴계로 303-9 광희동주민센터 4층","복지회관","30","09:00~18:00","","","200445.672843","551660.313597","",""
"5","중구","약수노인종합복지관","서울특별시 중구 다산로6길 11","복지회관","150","09:00~18:00","","","200823.359322","550327.417073","",""
"6","중구","청구e편한세상경로당","서울특별시 중구 청구로 64 청구 e편한세상 109동","노인시설","40","09:00~18:00","","","201490.134182","551230.446120","",""
"7","중구","현대아파트경로당","서울특별시 중구 다산로 36길 109 현대아파트 정문 앞","노인시설","40","09:00~18:00","","","202029.533020","551219.584585","",""
"8","용산구","남영동주민센터","서울특별시 용산구 두텁바위로 25","주민센터","10","09:00~18:00","","","197775.046331","549589.475474","",""
"9","용산구","원효로2동주민센터","서울특별시 용산구 효창원로8길 3","주민센터","20","09:00~18:00","","","195718.571993","548317.224262","",""
"10","용산구","이촌제1동주민센터","서울특별시 용산구 이촌로71길 24","주민센터","10","09:00~18:00","","","197642.310331","546874.827637","",""
"11","용산구","한남동주민센터","서울특별시 용산구 대사관로5길 1","주민센터","20","09:00~18:00","","","200044.928931","548340.589648","",""
"12","성동구","마장국민체육센터","서울특별시 성동구 마조로11길 6,(마장동)","기타","30","09:00~18:00","","","203604.434487","551398.489654","",""
"13","성동구","성동구민종합체육센터","서울특별시 성동구 왕십리로 89(성수동1가)","기타","40","09:00~18:00","","","203892.368318","549596.734252","",""
"14","성동구","성동책마루","서울특별시 성동구 고산자로 270(행당동)","기타","100","09:00~18:00","","","203260.850137","551544.493279","",""
"15","성동구","열린금호교육문화관","서울특별시 성동구 무수막길 69(금호동2가)","기타","55","09:00~18:00","","","201756.140965","550353.987709","",""
"16","성동구","서울숲복합문화체육센터","서울특별시 성동구 성수동1가 685-63","기타","60","09:00~18:00","","","203663.380547","550012.981919","",""
"17","광진구","아차산경로당","서울특별시 광진구 자양로47길 9-4","노인시설","31","09:00~18:00","","","208097.942323","550298.298936","",""
"18","광진구","광나루역버스정류장","서울특별시 광진구 아차산로 571","기타","10","09:00~18:00","","","209186.595173","549526.825035","",""
"19","광진구","광진문화예술회관버스정류장","서울특별시 광진구 능동로 90 ","기타","10","09:00~18:00","","","206267.449510","548763.884099","",""
"20","광진구","광진구청버스정류장","서울특별시 광진구 자양로 117 ","기타","10","09:00~18:00","","","207266.657243","548715.285109","",""
"21","광진구","구의역2번출구버스정류장","서울특별시 광진구 자양로18길 96 ","기타","10","09:00~18:00","","","207847.439087","548787.605604","",""
"22","광진구","중곡역버스정류장","서울특별시 광진구 능동로 417","기타","10","09:00~18:00","","","207422.806514","551768.320095","",""
"23","광진구","자양사거리버스정류장","서울특별시 광진구 아차산로 355","기타","10","09:00~18:00","","","207302.287964","548650.606531","",""
"24","광진구","잠실대교북단사거리버스정류장","서울특별시 광진구 자양로 46","기타","10","09:00~18:00","","","207599.136549","548082.968404","",""
"1","종로구","구립무악경로당","서울특별시 종로구 통일로14길 19","노인시설","30","09:00~18:00","","","196269.045247","552874.889096","",""
"2","종로구","동원경로당","서울특별시 종로구 숭인동2길 28","노인시설","35","09:00~18:00","","","201788.909851","553193.215471","",""
"25","광진구","신자초등학교버스정류장","서울특별시 광진구 뚝섬로46길 64","기타","10","09:00~18:00","","","206627.351729","547840.876632","",""
"26","광진구","화양천주교회버스정류장","서울특별시 광진구 능동로 172 ","기타","10","09:00~18:00","","","206538.435503","549609.753262","",""
"27","광진구","군자역버스정류장","서울특별시 광진구 능동로 295 2층","기타","10","09:00~18:00","","","206931.143452","550737.088841","",""
"28","광진구","긴고랑어린이공원","서울특별시 광진구 긴고랑로39길 8","기타","15","09:00~18:00","","","208036.445526","551070.378305","",""
"29","광진구","구둘어린이공원","서울특별시 광진구 자양로42길 40","기타","15","09:00~18:00","","","208139.998491","549880.359971","",""
"30","광진구","구의어린이공원","서울특별시 광나루로56길 86","기타","15","09:00~18:00","","","208401.798219","548592.368878","",""
"31","광진구","무궁화어린이공원","서울특별시 광진구 구의로16길 93","기타","15","09:00~18:00","","","208360.132906","549109.956014","",""
"32","광진구","개나리어린이공원","서울특별시 광진구 강변역로 17","기타","15","09:00~18:00","","","208135.515749","548718.367668","",""
"33","광진구","가중나무어린이공원","서울특별시 광진구 광나루로14길 36-5","기타","15","09:00~18:00","","","206003.207143","549681.716473","",""
"34","광진구","햇님어린이공원","서울특별시 광진구 아차산로25길 30","기타","15","09:00~18:00","","","205942.166844","549242.129105","",""
"35","광진구","목련어린이공원","서울특별시 광진구 아차산로59길 49","기타","15","09:00~18:00","","","208009.532038","549004.081357","",""
"36","동대문구","고황경로당","서울특별시 동대문구 이문로9길 52","노인시설","59","09:00~18:00","","","204992.527902","554995.325216","",""
"37","동대문구","답십리3동경로당","서울특별시 동대문구 황물로 30","노인시설","70","09:00~18:00","","","203992.024075","552735.303142","",""
"38","동대문구","청량경로당","서울특별시 동대문구 왕산로43다길 5","노인시설","49","09:00~18:00","","","204174.701616","554081.595772","",""
"39","동대문구","동부경로당","서울특별시 동대문구 천호대로45길 57","노인시설","10","09:00~18:00","","","203857.465144","552865.886828","",""
"40","동대문구","명성경로당","서울특별시 동대문구 무학로28길 22-2","노인시설","20","09:00~18:00","","","202820.321589","552757.481602","",""
"41","동대문구","만수경로당","서울특별시 동대문구 약령시로5길 22","노인시설","10","09:00~18:00","","","203020.415368","553830.773758","",""
"42","동대문구","섬마을경로당","서울특별시 동대문구 고산자로62길 32","노인시설","15","09:00~18:00","","","203324.295160","554500.347149","",""
"43","동대문구","제기경로당","서울특별시 동대문구 경동시장로23길 14","노인시설","20","09:00~18:00","","","203486.430336","554021.540445","",""
"44","동대문구","전농1동경로당","서울특별시 동대문구 전농로27길 81","노인시설","15","09:00~18:00","","","204605.382340","553254.766404","",""
"45","동대문구","청송경로당","서울특별시 동대문구 전농로17길 19-8","노인시설","20","09:00~18:00","","","204905.145191","553238.770686","",""
"46","동대문구","화목경로당","서울특별시 동대문구 전농로31길 33","노인시설","10","09:00~18:00","","","204560.517296","553708.540186","",""
"47","동대문구","중산경로당","서울특별시 동대문구 답십리로48길 54","노인시설","20","09:00~18:00","","","205089.573955","552314.214597","",""
"48","동대문구","미나리경로당","서울특별시 동대문구 천호대로87길 43","노인시설","20","09:00~18:00","","","206016.301947","551589.145084","",""
"49","동대문구","샛별경로당","서울특별시 동대문구 장한로17길 20","노인시설","10","09:00~18:00","","","205962.696365","552037.036437","",""
"50","동대문구","안골경로당","서울특별시 동대문구 천호대로77다길 20","노인시설","15","09:00~18:00","","","205688.051590","551749.535814","",""
"51","동대문구","근린경로당","서울특별시 동대문구 장한로 191","노인시설","10","09:00~18:00","","","206308.593765","553115.671809","",""
"52","동대문구","늘봄경로당","서울특별시 동대문구 장한로26나길 6","노인시설","20","09:00~18:00","","","206413.610366","552424.171345","",""
"53","동대문구","장평경로당","서울특별시 동대문구 한천로28길 27","노인시설","15","09:00~18:00","","","206047.231657","552636.451836","",""
"54","동대문구","회기동경로당","서울특별시 동대문구 이문로3길 54","노인시설","15","09:00~18:00","","","204596.516861","554572.799124","",""
"55","동대문구","아름경로당","서울특별시 동대문구 휘경동 119-35","노인시설","20","09:00~18:00","","","206038.156737","554869.726022","",""
"56","동대문구","수복경로당","서울특별시 동대문구 망우로6길 24","노인시설","15","09:00~18:00","","","204910.682507","554123.655810","",""
"57","동대문구","휘경2동경로당","서울특별시 동대문구 망우로20가길 34-6","노인시설","20","09:00~18:00","","","205722.646943","554511.813426","",""
"58","동대문구","진성경로당","서울특별시 동대문구 이문로16길 19","노인시설","10","09:00~18:00","","","205275.207080","554975.312087","",""
"59","동대문구","신이문경로당","서울특별시 동대문구 신이문로8길 32","노인시설","20","09:00~18:00","","","205597.229326","555772.002496","",""
"60","중랑구","망우3동주민센터","서울특별시 중랑구 겸재로61길 40","주민센터","20","09:00~18:00","","","208386.549826","554708.620650","",""
"61","중랑구","망우본동주민센터","서울특별시 중랑구 망우로67길 10","주민센터","50","09:00~18:00","","","208964.464376","555671.877401","",""
"62","중랑구","면목2동주민센터","서울특별시 중랑구 동일로101길 20-15 ","주민센터","20","09:00~18:00","","","206979.829304","554470.801202","",""
"63","중랑구","면목3.8동주민센터","서울특별시 중랑구 사가정로51길 48","주민센터","50","09:00~18:00","","","207778.855335","553714.990925","",""
"64","중랑구","면목4동주민센터","서울특별시 중랑구 면목로 246","주민센터","20","09:00~18:00","","","207562.085485","552797.548623","",""
"65","중랑구","면목5동주민센터","서울특별시 중랑구 동일로 619 ","주민센터","30","09:00~18:00","","","207021.476296","554026.775052","",""
"66","중랑구","면목7동주민센터","서울특별시 중랑구 면목로36길 4","주민센터","50","09:00~18:00","","","207602.313127","553137.554437","",""
"67","중랑구","면목본동주민센터","서울특별시 중랑구 면목로 397","주민센터","70","09:00~18:00","","","207731.886507","554197.792131","",""
"68","중랑구","묵1동주민센터","서울특별시 중랑구 공릉로2가길 5","주민센터","30","09:00~18:00","","","206929.313146","556983.131876","",""
"69","중랑구","묵2동주민센터","서울특별시 중랑구 중랑역로 181 2층","주민센터","15","09:00~18:00","","","206699.531049","556665.780599","",""
"70","중랑구","상봉1동주민센터","서울특별시 중랑구 상봉중앙로1길 6","주민센터","15","09:00~18:00","","","207696.768763","555587.144303","",""
"71","중랑구","상봉2동주민센터","서울특별시 중랑구 동일로114길 10","주민센터","40","09:00~18:00","","","207140.774897","554824.676690","",""
"72","중랑구","신내1동주민센터","서울특별시 중랑구 용마산로129나길 35","주민센터","15","09:00~18:00","","","208785.165546","556265.111531","",""
"73","중랑구","신내2동주민센터","서울특별시 중랑구 봉화산로 190","주민센터","20","09:00~18:00","","","208315.021681","556301.029135","",""
"74","중랑구","중화1동주민센터","서울특별시 중랑구 동일로134길 17","주민센터","50","09:00~18:00","","","207123.204569","555735.430906","",""
"75","중랑구","중화2동주민센터","서울특별시 중랑구 동일로129길 1 5층","주민센터","50","09:00~18:00","","","207024.968755","555539.313607","",""
"76","성북구","스마트에코쉼터","서울특별시 성북구 정릉로 367-2","기타","10","09:00~18:00","","","202125.114225","555855.598718","",""
"77","강북구","미동경로당","서울특별시 강북구 삼양로74길 74","노인시설","30","09:00~18:00","","","201941.769995","558948.546598","",""
"78","강북구","샛강경로당","서울특별시 강북구 도봉로 96나길 9-1(번동)","노인시설","30","09:00~18:00","","","202859.870852","559937.407638","",""
"79","강북구","솔샘길경로당","서울특별시 강북구 솔샘로 277-1(미아동)","노인시설","40","09:00~18:00","","","202069.735966","557695.831875","",""
"80","강북구","오동경로당","서울특별시 강북구 오현로 25나길 92(번동)","노인시설","60","09:00~18:00","","","202935.909399","558451.466306","",""
"81","도봉구","도봉동노인복지센터","서울특별시 도봉구 도봉로169가길 52","복지회관","12","09:00~18:00","","","203842.904783","564721.123024","",""
"82","도봉구","방아골종합사회복지관","서울특별시 도봉구 시루봉로17길 42","복지회관","25","09:00~18:00","","","202875.792281","563295.541395","",""
"83","도봉구","방학동노인복지센터","서울특별시 도봉구 시루봉로15라길 59-9","복지회관","9","09:00~18:00","","","202840.384683","563435.822400","",""
"84","노원구","공릉1동주민센터","서울특별시 노원구 동일로186길 3-24","주민센터","10","09:00~18:00","","","206512.170824","558350.858201","",""
"85","노원구","공릉2동주민센터","서울특별시 노원구 노원로1길 68","주민센터","10","09:00~18:00","","","207362.919238","557969.488870","",""
"86","노원구","상계10동주민센터","서울특별시 노원구 노원로 530","주민센터","10","09:00~18:00","","","205316.503490","562404.227093","",""
"87","노원구","상계1동주민센터","서울특별시 노원구 동일로 1697","주민센터","10","09:00~18:00","","","204847.114018","564473.989106","",""
"88","노원구","상계2동주민센터","서울특별시 노원구 상계로 118","주민센터","10","09:00~18:00","","","205987.041990","561984.708932","",""
"89","노원구","상계3.4동주민센터","서울특별시 노원구 덕릉로 859","주민센터","10","09:00~18:00","","","207342.803990","563697.678013","",""
"90","노원구","상계5동주민센터","서울특별시 노원구 한글비석로 434","주민센터","10","09:00~18:00","","","206118.371947","562588.198546","",""
"91","노원구","상계6.7동주민센터","서울특별시 노원구 노원로 429","주민센터","10","09:00~18:00","","","205907.968617","561694.422538","",""
"92","노원구","상계8동주민센터","서울특별시 노원구 동일로227길 97","주민센터","10","09:00~18:00","","","204548.629282","563012.239997","",""
"93","노원구","상계9동주민센터","서울특별시 노원구 한글비석로 487","주민센터","10","09:00~18:00","","","205631.159491","562768.378592","",""
"94","노원구","월계1동주민센터","서울특별시 노원구 석계로 59","주민센터","10","09:00~18:00","","","205550.874286","557822.916621","",""
"95","노원구","월계2동주민센터","서울특별시 노원구 초안산로5길 28","주민센터","10","09:00~18:00","","","204482.883597","559213.882632","",""
"96","노원구","월계3동주민센터","서울특별시 노원구 마들로 57","주민센터","10","09:00~18:00","","","206111.224095","557937.065727","",""
"97","노원구","중계1동주민센터","서울특별시 노원구 한글비석로 279","주민센터","10","09:00~18:00","","","206835.698539","561436.393612","",""
"98","노원구","중계2.3동주민센터","서울특별시 노원구 노원로17길 56","주민센터","10","09:00~18:00","","","206065.716503","560282.405623","",""
"99","노원구","중계4동주민센터","서울특별시 노원구 덕릉로82길 50","주민센터","10","09:00~18:00","","","206880.330277","562129.405999","",""
"100","노원구","중계본동주민센터","서울특별시 노원구 중계로 143","주민센터","10","09:00~18:00","","","207085.377804","560914.202065","",""
"101","노원구","하계1동주민센터","서울특별시 노원구 노원로 261","주민센터","10","09:00~18:00","","","206404.458111","560105.735102","",""
"102","노원구","하계2동주민센터","서울특별시 노원구 공릉로55길 88","주민센터","10","09:00~18:00","","","205998.697823","559161.485701","",""
"103","은평구","갈현어버이경로당","서울특별시 은평구 통일로89길 12-6","노인시설","30","09:00~18:00","","","192821.102846","558367.780586","",""
"104","은평구","구산거북경로당","서울특별시 은평구 연서로13길 29-7","노인시설","30","09:00~18:00","","","192299.352898","556686.039727","",""
"105","은평구","역촌노인복지관","서울특별시 은평구 연서로3나길 11-30","복지회관","30","09:00~18:00","","","192173.758856","555977.615092","",""
"106","서대문구","연세로명물거리버스정류소스마트쉼터1","서울특별시 서대문구 연세로 26-1","기타","10","09:00~18:00","","","194444.019656","550942.674353","",""
"107","서대문구","DMC파크뷰자이1단지버스정류소스마트쉼터2","서울특별시 서대문구 가재울미래로2","기타","10","09:00~18:00","","","192748.168501","552765.020366","",""
"108","서대문구","DMC파크뷰자이2단지버스정류소스마트쉼터3","서울특별시 서대문구 가재울미래로2","기타","10","09:00~18:00","","","192748.168501","552765.020366","",""
"109","서대문구","DMC센트레빌아파트버스정류소스마트쉼터4","서울특별시 서대문구 거북골로 120","기타","10","09:00~18:00","","","192528.481145","552981.891556","",""
"110","서대문구","DMC파크뷰자이별동상가버스정류소스마트쉼터5","서울특별시 서대문구 가재울미래로2","기타","10","09:00~18:00","","","192748.168501","552765.020366","",""
"111","서대문구","신촌전철역버스정류소스마트쉼터6","서울특별시 서대문구 신촌로 99","기타","10","09:00~18:00","","","194445.729530","550686.467884","",""
"112","서대문구","서서울농협동신병원버스정류소스마트쉼터7","서울특별시 서대문구 연희로 267","기타","10","09:00~18:00","","","194338.804572","553490.981712","",""
"113","서대문구","DMC래미안e편한세상2,4단지버스정류소스마트쉼터8","서울특별시 서대문구 수색로 100","기타","10","09:00~18:00","","","192067.185850","552746.776215","",""
"114","서대문구","신촌기차역버스정류소스마트쉼터9","서울특별시 서대문구 신촌역로20","기타","10","09:00~18:00","","","194975.810450","550983.824890","",""
"115","서대문구","초원경로당","서울특별시 서대문구 홍제내 2길 56","노인시설","42","09:00~18:00","","","194454.312561","554140.873316","",""
"116","서대문구","홍남경로당","서대문구 증가로 4길 38-9","노인시설","25","09:00~18:00","","","193592.419053","553089.743352","",""
"117","마포구","상암동주민센터","서울특별시 마포구 매봉산로2길 16","주민센터","50","09:00~18:00","","","190696.297613","553202.959692","",""
"118","마포구","성산1동주민센터","서울특별시 마포구 성산로4길 15","주민센터","120","09:00~18:00","","","191862.507505","551541.363025","",""
"119","마포구","연남동주민센터","서울특별시 마포구 성미산로29길 17-9 ","주민센터","30","09:00~18:00","","","193109.254640","551663.525090","",""
"120","마포구","염리동주민센터","서울특별시 마포구 숭문길 14","주민센터","50","09:00~18:00","","","195196.993567","549731.784552","",""
"121","강서구","가양1동주민센터","서울특별시 강서구 허준로 30  ","주민센터","20","09:00~18:00","","","186279.693468","552229.237907","",""
"122","강서구","가양2동주민센터","서울특별시 강서구 허준로 93  ","주민센터","20","09:00~18:00","","","186858.553140","551991.835192","",""
"123","강서구","가양3동주민센터","서울특별시 강서구 허준로 202 ","주민센터","20","09:00~18:00","","","187680.706202","551295.212566","",""
"124","강서구","등촌1동주민센터","서울특별시 강서구 공항대로53가길 55 ","주민센터","20","09:00~18:00","","","187531.561728","550708.593364","",""
"125","강서구","등촌2동주민센터","서울특별시 강서구 등촌로 143  ","주민센터","20","09:00~18:00","","","187848.715162","549247.385073","",""
"126","강서구","발산1동주민센터","서울특별시 강서구 강서로47길 54  ","주민센터","20","09:00~18:00","","","185259.830101","550412.512324","",""
"127","강서구","방화1동주민센터","서울특별시 강서구 방화대로 330 ","주민센터","20","09:00~18:00","","","183838.668732","552329.450756","",""
"128","강서구","방화3동주민센터","서울특별시 강서구 금낭화로24길 5  ","주민센터","20","09:00~18:00","","","183538.704251","553257.925650","",""
"129","강서구","염창동주민센터","서울특별시 강서구 양천로67가길 63 ","주민센터","20","09:00~18:00","","","188599.651890","550477.183450","",""
"130","강서구","우장산동주민센터","서울특별시 강서구 우현로 34 ","주민센터","30","09:00~18:00","","","186024.873517","549867.616319","",""
"131","강서구","화곡1동주민센터","서울특별시 강서구 곰달래로 79  ","주민센터","20","09:00~18:00","","","185999.108421","547906.184368","",""
"132","강서구","화곡2동주민센터","서울특별시 강서구 곰달래로37길 13  ","주민센터","20","09:00~18:00","","","187138.801462","548045.744645","",""
"133","강서구","화곡3동주민센터","서울특별시 강서구 강서로33가길 17  ","주민센터","20","09:00~18:00","","","185717.803163","549237.151088","",""
"134","강서구","화곡4동주민센터","서울특별시 강서구 곰달래로57가길 26  ","주민센터","30","09:00~18:00","","","187667.265561","548376.637230","",""
"135","강서구","화곡6동주민센터","서울특별시 강서구 화곡로 312  ","주민센터","30","09:00~18:00","","","186751.528991","550266.610395","",""
"136","강서구","화곡8동주민센터","서울특별시 강서구 곰달래로25길 45  ","주민센터","20","09:00~18:00","","","186594.183671","548144.697750","",""
"137","강서구","화곡본동주민센터","서울특별시 강서구 초록마을로5길 29  ","주민센터","20","09:00~18:00","","","186537.215811","549403.755852","",""
"138","강서구","등촌3동주민센터","서울특별시 강서구 화곡로63길 96","주민센터","20","09:00~18:00","","","186561.806924","551048.028256","",""
"139","강서구","공항동주민센터","서울특별시 강서구 송정로 45","주민센터","20","09:00~18:00","","","183208.307784","551040.569099","",""
"140","강서구","방화2동주민센터","서울특별시 강서구 개화동로21길 52","주민센터","20","09:00~18:00","","","182846.851010","552482.321703","",""
"141","구로구","가리봉동주민센터","서울특별시 구로구 우마2길 35","동주민센터","20","09:00~18:00","","","190238.962027","542575.544667","",""
"142","구로구","개봉1동주민센터","서울특별시 구로구 경인로33길 51","동주민센터","20","09:00~18:00","","","186837.850254","544538.944109","",""
"143","구로구","개봉2동주민센터","서울특별시 구로구 개봉로16가길 17","동주민센터","15","09:00~18:00","","","187317.389174","543483.097972","",""
"144","구로구","개봉3동주민센터","서울특별시 구로구 개봉로3길 47-5","동주민센터","20","09:00~18:00","","","187073.164721","542959.715003","",""
"145","구로구","고척1동주민센터","서울특별시 구로구 중앙로3길 18-8","동주민센터","20","09:00~18:00","","","187868.064457","544556.916992","",""
"146","구로구","고척2동주민센터","서울특별시 구로구 중앙로15길 22","동주민센터","20","09:00~18:00","","","187497.659934","545256.181865","",""
"147","구로구","구로1동주민센터","서울특별시 구로구 구일로4길 57","동주민센터","20","09:00~18:00","","","189015.502305","543738.900522","",""
"148","구로구","구로2동주민센터","서울특별시 구로구 구로동로 141","동주민센터","20","09:00~18:00","","","189689.240120","543551.320365","",""
"149","구로구","구로3동주민센터","서울특별시 구로구 디지털로31길 109","동주민센터","20","09:00~18:00","","","190300.627482","543105.986832","",""
"150","구로구","구로4동주민센터","서울특별시 구로구 구로동로28길 94","동주민센터","20","09:00~18:00","","","190196.830087","543574.988933","",""
"151","구로구","구로5동주민센터","서울특별시 구로구 구로중앙로28길 66","동주민센터","20","09:00~18:00","","","190219.367293","544519.725578","",""
"152","구로구","수궁동주민센터","서울특별시 구로구 오리로15길 32","동주민센터","20","09:00~18:00","","","185098.208114","543837.002849","",""
"153","구로구","신도림동주민센터","서울특별시 구로구 신도림로 40","동주민센터","20","09:00~18:00","","","189443.210491","545373.649903","",""
"154","구로구","오류1동주민센터","서울특별시 구로구 경인로27길 7","동주민센터","20","09:00~18:00","","","186304.682697","544184.705939","",""
"155","구로구","오류2동주민센터","서울특별시 구로구 오류로 45","동주민센터","20","09:00~18:00","","","185805.836888","543270.041533","",""
"156","구로구","항동주민센터","서울특별시 구로구 연동로 191-19","동주민센터","20","09:00~18:00","","","184307.463996","542202.723563","",""
"157","금천구","독산역미세먼지안심쉼터","서울특별시 금천구 독산동 1081-4","기타","15","09:00~18:00","","","190216.110850","540826.654167","",""
"158","영등포구","당산1동공립작은도서관","서울특별시 영등포구 양산로23길 11(2층)","작은도서관","16","09:00~18:00","","","190927.041708","547280.110102","",""
"159","영등포구","대림1동공립작은도서관","서울특별시 영등포구 디지털로441","작은도서관","24","09:00~18:00","","","191671.891551","544002.158415","",""
"160","영등포구","문래초등학교","서울특별시 영등포구 문래로 104","학교","21","09:00~18:00","","","190594.229948","546632.651028","",""
"161","동작구","흑석역미세먼지안심스마트쉼터","서울특별시 동작구 현충로 90","기타","8","09:00~18:00","","","196785.211533","545512.571213","",""
"162","동작구","이수역미세먼지안심스마트쉼터","서울특별시 동작구 사당로 310","기타","12","09:00~18:00","","","198384.786893","542868.112690","",""
"163","동작구","이수힐스테이트앞미세먼지안심스마트쉼터","서울특별시 동작구 동작동 66-29","기타","8","09:00~18:00","","","198466.625179","543926.791067","",""
"164","관악구","국지경로당","서울특별시 관악구 국회단지21길 14","노인시설","80","09:00~18:00","","","194830.791785","543427.568507","",""
"165","관악구","신림종합사회복지관","서울특별시 관악구 난곡로 110","복지회관","300","09:00~18:00","","","192908.098530","540606.781505","",""
"166","관악구","신본경로당","서울특별시 관악구 남부순환로200다길 7","노인시설","80","09:00~18:00","","","194393.581703","542570.629535","",""
"167","서초구","반포2동주민센터","서울특별시 서초구 신반포로15길 16","주민센터","30","09:00~18:00","","","199511.189722","545013.059843","",""
"168","서초구","방배2동주민센터","서울특별시 서초구  청두곶길 36","주민센터","30","09:00~18:00","","","198721.831573","542257.451530","",""
"169","서초구","양재1동주민센터","서울특별시 서초구 바우뫼로 41","주민센터","30","09:00~18:00","","","202359.285326","541358.938954","",""
"170","강남구","강남구청버스정류장그린스마트쉼터1","서울특별시 강남구 학동로 426","기타","10","24시간","","","204189.295521","546427.723515","",""
"171","강남구","강남구청버스정류장그린스마트쉼터2","서울특별시 강남구 학동로 425","기타","10","24시간","","","204154.054320","546576.469150","",""
"172","강남구","강남구청역버스정류장그린스마트쉼터1","서울특별시 강남구 학동로 337","기타","10","24시간","","","203529.854838","546399.637807","",""
"173","강남구","강남구청역버스정류장그린스마트쉼터2","서울특별시 강남구 학동로 338","기타","10","24시간","","","203598.603197","546331.497487","",""
"174","강남구","논현동사거리,학동역버스정류장그린스마트쉼터","서울특별시 강남구 학동로 171","기타","10","24시간","","","202608.246735","546065.063346","",""
"175","강남구","농협앞버스정류장그린스마트쉼터","서울특별시 강남구 도산대로 443","기타","10","24시간","","","203929.430860","547186.728388","",""
"176","강남구","도산공원사거리버스정류장그린스마트쉼터","서울특별시 강남구 도산대로 303","기타","10","24시간","","","203045.019581","546957.448445","",""
"177","강남구","서울상록회관,한국기술센터버스정류장그린스마트쉼터","서울특별시 강남구 테헤란로 305","기타","10","24시간","","","203871.325581","544875.810217","",""
"178","강남구","선릉역버스정류장그린스마트쉼터","서울특별시 강남구 테헤란로 413","기타","10","24시간","","","204534.295466","545124.779945","",""
"179","강남구","선릉역버스정류장그린스마트쉼터","서울특별시 강남구 테헤란로 408","기타","10","24시간","","","204455.248495","545001.155690","",""
"180","강남구","세관앞버스정류장그린스마트쉼터","서울특별시 강남구 학동로 308","기타","10","24시간","","","203217.828278","546217.852112","",""
"181","강남구","신사동고개버스정류장그린스마트쉼터","서울특별시 강남구 도산대로 157","기타","10","24시간","","","202267.768526","546616.281610","",""
"182","강남구","신사동고개버스정류장그린스마트쉼터","서울특별시 강남구 도산대로 158","기타","10","24시간","","","202304.703774","546556.843471","",""
"183","강남구","신사동교회버스정류장그린스마트쉼터","서울특별시 강남구 도산대로 217","기타","10","24시간","","","202701.512089","546815.980572","",""
"184","강남구","신사역1번출구버스정류장그린스마트쉼터","서울특별시 강남구 도산대로 120","기타","10","24시간","","","201933.352271","546360.935270","",""
"185","강남구","신사역8번출구버스정류장그린스마트쉼터","서울특별시 강남구 도산대로 125","기타","10","24시간","","","201950.354199","546453.657421","",""
"186","강남구","씨네시티앞버스정류장그린스마트쉼터","서울특별시 강남구 도산대로 327","기타","10","24시간","","","203324.949642","547072.565332","",""
"187","강남구","아가방빌딩,하나은행버스정류장그린스마트쉼터","서울특별시 강남구 테헤란로 207","기타","10","24시간","","","203423.887266","544695.320412","",""
"188","강남구","언북중학교입구버스정류장그린스마트쉼터","서울특별시 강남구 도산대로 218","기타","10","24시간","","","202726.188569","546743.740574","",""
"189","강남구","역삼역,포스코타워역삼버스정류장그린스마트쉼터","서울특별시 강남구 테헤란로 134","기타","10","24시간","","","202989.169725","544435.544063","",""
"190","강남구","영동119안전센터버스정류장그린스마트쉼터","서울특별시 강남구 도산대로 332","기타","10","24시간","","","203380.051832","547006.490611","",""
"191","강남구","영동시장버스정류장그린스마트쉼터","서울특별시 강남구 학동로 106","기타","10","24시간","","","202006.578946","545726.356716","",""
"192","강남구","제일은행버스정류장그린스마트쉼터","서울특별시 강남구 도산대로 306","기타","10","24시간","","","203082.600708","546884.524657","",""
"193","강남구","차병원차움버스정류장그린스마트쉼터","서울특별시 강남구 도산대로 442","기타","10","24시간","","","203896.282430","547097.889368","",""
"194","강남구","포스코건너편버스정류장그린스마트쉼터","서울특별시 강남구 테헤란로 443","기타","10","24시간","","","204915.692807","545276.954879","",""
"195","강남구","포스코사거리버스정류장그린스마트쉼터","서울특별시 강남구 테헤란로 507","기타","10","24시간","","","205103.098160","545358.626232","",""
"196","강남구","프리마호텔버스정류장그린스마트쉼터1","서울특별시 강남구 도산대로 513","기타","10","24시간","","","204373.234382","547256.874990","",""
"197","강남구","프리마호텔버스정류장그린스마트쉼터2","서울특별시 강남구 도산대로 532","기타","10","24시간","","","204560.547063","547207.240543","",""
"198","강남구","한국무역센터,삼성역버스정류장그린스마트쉼터","서울특별시 강남구 테헤란로 517","기타","10","24시간","","","205280.941565","545465.826590","",""
"199","강남구","한국무역센터,삼성역버스정류장그린스마트쉼터","서울특별시 강남구 테헤란로 518","기타","10","24시간","","","205357.837417","545342.788006","",""
"200","강남구","한국자산신탁,센터필드버스정류장그린스마트쉼터","서울특별시 강남구 테헤란로 306","기타","10","24시간","","","203886.378715","544780.601490","",""
"201","강남구","한양아파트버스정류장그린스마트쉼터","서울특별시 강남구 압구정로 343","기타","10","24시간","","","203538.302918","547664.486498","",""
"202","송파구","잠실역8번출구미세먼지프리존","서울특별시 송파구 신천동 8","기타","10","09:00~18:00","","","209030.041734","546069.032321","",""
"203","강동구","고덕리엔파크3단지경로당","서울특별시 강동구 상일로 74 , 335-802(상일동, 고덕리엔파크3단지)","노인시설","30","09:00~18:00","","회원제","215360.106528","550302.888191","",""
"204","강동구","선린경로당","서울특별시 강동구 명일로10나길  5 , 선린경로당(둔촌동)","노인시설","40","09:00~18:00","","회원제","212781.690003","548012.689770","",""
"205","강동구","선사현대아파트경로당","서울특별시 강동구 상암로 11 , 113-401(암사동, 선사현대아파트)","노인시설","56","09:00~18:00","","회원제","211043.751945","550447.745164","",""
"206","강동구","안말경로당","서울특별시 강동구 풍성로45길 11","노인시설","42","09:00~18:00","","회원제","211481.681310","547980.680234","",""