작성자,내용,별점,작성일
이득준,경복궁과 청화대 그리고 멋진 서울전경을 볼 수 있는 산입니다  사직공원이나 창의문 쪽으로 주로 성곽을 따라 계단으로 올라가면 되는데 그리 힘들지는 않습니다 외국인도 많이 오고 어린이도 쉬이 올라갈 수 있을 것 같아요,별표 5개,수정일: 4달 전
렛츠 (Lets),"한양도성 코스의 난이도는 1(쉬움)~5(어려움) 중에, 2레벨 정도 이고요, 마지막 20분은 경사가 가팔라지면서 난이도가 3~4까지는 올라갑니다. 한양도성 성벽이, 인왕산 정상까지 이어져 있어서, 다른 산과는 좀 색다른 느낌이 듭니다.  산 정상에서의 경치가 좋지아니할 수 없지만, 점수로 따진다면, 5점 만점에 3.5점 이에요.  부암동 쪽으로 내려가는 길에, <더숲초소책방> 카페, <청학 문학도서관> 등이 있으니, 연계해 들리시면 더욱 좋을 듯 합니다",별표 4개,수정일: 3달 전
홍홍찌,인왕산  가볍게 등상할 수 있는 코스 저는 무척 즐겁게 웃으면서 다녔습니다 ✌️⛰️,별표 5개,1달 전
Insang Kauh,인왕산은 성곽을 따라 오를 수도 있지만 계단이 많아서 단조롭다. 저는 인왕천약수터를 거쳐 범바위 부근으로 올라가는 길을 선호하는데 경사가 급하고 짧은 구간이지만 깊은 산을 오르는 느낌이 난다. 그 느낌을 간직하며 경복궁과 어우러진 빌딩들을 내려다볼 때의 쾌감은 일품이다.  산행 후 수동동계곡을 거쳐 서촌에서 식사를 해도 되고 이회영 기념관과 딜쿠샤를 본 후 독립문 쪽으로 내려와 대성집이나 영천시장에서 식사를 해도 좋다. 맛집이 많다.,별표 5개,10달 전
jounghun ha,인왕산 등산은 왕복 두시간이 조금 넘었습니다 서대문 독립공원주차장에 세우고 무악재하늘다리에서 올라갔는데 오후에도 사람이 많네요 바람도 시원하고 구름도 이쁘네요 땀도 알맞게 흘려서 상쾌합니다,별표 4개,1년 전
Keith Lee,"서울을 방문해서 가장 인상 깊은 것은 아름다운 산들이 많다는 겁니다. 서울을 방문하면 북한산, 도봉산 산행을 추천합니다. 이번에 인왕산을 다녀왔는데 청와대 인근 통행이 편해져서 아주 좋았습니다. 이곳도 강추합니다.",별표 5개,2년 전
SeungHyun Lee,벚꽃이 피던 날 인왕산에 올랐다. 도심에서 가까우며 산책느낌으로 쉽게 오를 수 있다. 오르기 쉽지만 좁은 길 때문에 주말이라 줄을 서서 가야했다. 그러나 정상에 오르면 한 눈에 보이는 사촌북촌 경치와 경복궁이 한눈에 보인다. 초보 등산객들에게 추천하며 한시간 정도 걸린다. 내려오는 길은 북촌을 통해 가능하며 아래로 내려므오면 맛집과 카페들이 많다.,별표 4개,1년 전
BONG,언제 가도 고즈넉하니 조용하게 즐길 수 있는 야트막한 이쁜 산. 홍제 개미마을부터 올라와서 부암동 내려가는 코스도 좋고 독립문 쪽 부터 올라와서 수성동 계곡 내려가는 코스도 참 좋다. 슬쩍 둘러서 돌기에도 좋고 안산보다 뭔가 바위가 많아 더 매력있고 아름답게 느껴지는 산. 기차바위에서 내리다보는 평창동과 부암동의 풍경을 계절마다 진한 매력이 있어서 사랑스럽다.,별표 5개,1년 전
Reno Park,"정상으로 올라가는 길이 대부분 성곽 옆의 길을 따라 올라가기 때문에 어렵지 않게 오를 수 있습니다. 일반 운동화를 신고도 등산할만큼 난이도가 낮은 등산코스들 입니다.  부암동 방향으로 윤동주기념관, 청문문학도서관에서 정상으로 올라가는 코스를 자주 이용하는데요. 청운문학도서관 인근에 주차할 수 있고, 화장실도 비교적 깔끔해서 이용하기 편리합니다.  3호선 독립문역(또는 무악재역) 방향은 비교적 사람이 많지 않아 여유있게 오를 수 있습니다. 특히 무악재 고개를 가로지르는 다리 위에서 서대문구, 마포구 북부 지역을 내려다 볼 수 있습니다.  독립문역 남쪽에서 오르는 길은 한양 도성의 일부 성곽을 따라 인왕산 정상으로 오를 수 있습니다. 외국인들에게도 이 코스는 잘 알려져 있어 제법 외국인 등산객들을 마주할 수 있습니다.  인왕산 정상에서는 북으로는 평창동, 동으로는 청와대와 멀리 잠실, 남으로는 남산과 여의도, 공항이 보입니다.  원칙적으로 동쪽의 청와대 방향의 사진 촬영은 금지되어 있다고 합니다.",별표 5개,수정일: 6달 전
Brightwise PARK,"전 세계 주요 수도 중에 서울처럼 지하철을 타고 접근가능한 산들을 가진 대도시들이 얼마나 있을까 싶다.  서울의 전경이 가장 잘 조망되는 곳 중의 하나로, 인왕산 내에도 수성동계곡 등 볼거리가 많지만, 인근 백악산(북악산)과 안산의 연계탐방도 가능하다.  최근에는 젊은층뿐 아니라 외국인들도 많이 찾는 서울의 명소가 됐다.  야간조명등과 스틱 등 안전장비를 갖추고 일몰 전 올라가서 일몰 후 정상에서 멋진 서울 야경을 감상하고 내려오는 분들도 많음",별표 5개,2년 전
최강티비TV,"3호선 독립문역에서 출발하여 안산에서 시작, 무악재 하늘다리를 지나 인왕산을 거쳐 북악산으로 이동  이름부터가 남다르듯 호랑이의 기운을 느낄 수 있음과 동시에 성곽과 바위를 따라 오르는 매력이 있는 멋진 산  높지 않아 트래킹처럼 많은 시민들, 관광객들이 찾는 산  체력과 시간에 여유가 있다면 북악산으로 이동하여 청와대 방향으로 하산하시는 것도 추천합니다.  일부 밧줄을 잡고 올라야 하는 가파른 구간이 있으니 높이가 낮다고 만만히 볼 산은 아닙니다.",별표 5개,2년 전
Chef on travel,"왕복 2~3시간으로 다녀올 수 있는 서울 인근 산이다.  경복궁역 인근에 맛집들이 많아 점심시간에 하산을 하면 좋다.  visitkorea.or.kr 에 따르면, 인왕산은 서울 종로구와 서대문구 홍제동 경계에 있는 산이다. 산 전체가 화강암으로 구성되어 있고 기묘한 형상의 바위들이 많아 다양한 이름이 붙었다. 스님이 장삼을 입고 서 있는 것처럼 보이는 선바위와 모자를 닮은 모자바위, 돼지를 닮은 돼지바위 등이 있으며 인왕산 정상에는 삿갓 모양의 삿갓바위가 있다. 경치가 아름다워 이를 배경으로 한 산수화가 많은데, 특히 겸재 정선의 [인왕제색도]와 강희언의 [인왕산도]가 널리 알려져 있다. 인왕산에는 태조, 무학대사의 기도 터와 사직터널에서 자하문까지 서울 외곽을 쌓았던 성곽이 남아 있다. 많은 사람이 즐겨 찾는 코스는 사직터널을 기점으로 성곽 터와 정상을 지나 부암동으로 하산하는 코스다. 청와대 앞길과 연결되어 있어 여유가 된다면 팔판로, 효자로, 경복궁까지 걸어보는 것도 좋다. 사직공원 뒤 등산로 길목에는 황학정이 있다. 조선시대에는 궁술을 연습하던 터였지만, 일제강점기 때 경희궁 안에 있던 황학정을 이곳으로 옮겼다. 숲으로 둘러싸인 너른 터를 조팝꽃 군락이 눈부시게 장식하고 있다. 정상에 오르면 경복궁을 중심으로 인왕산과 함께 조선시대 한양을 둘러싸고 있던 내사산인 낙산, 남산, 백악산이 펼쳐진다. 정상 아래편에 겸재의 인왕제색도에 나오는 매바위와 치마바위가 장관을 이룬다. 사직공원에서 삼거리를 지나 오르는 코스에서는 점심시간을 이용해 산책을 즐기는 직장인도 자주 보인다. 향긋한 내음이 풍기는 나무 계단을 지나 범바위에 오르면 동쪽으로 청와대 전경이 보인다. 종주 코스로 잡으려면 정상을 지나 홍제동 채석장이나 부암동 하림각, 자하문 방면으로 하산하면 된다.",별표 5개,1년 전
Sumin Kim,4월 7일 아이랑 등산을 다녀왔어요~ 벚꽃도 이쁘고 개나리도 이쁘고 1시간 정도면 아이와 함께 정상에 오를수 있었어요^^,별표 5개,1년 전
바코네제이크,"서대문구에 있는 300미터 조금 넘는 높이의 산. 산책코스로 좋기는 하지만 중간에 계단이 많고 인파가 많을 때에는 오르는데 대기시간이 있음. 날씨가 좋은 날에는 경복궁, 청와대가 내려다보임.",별표 4개,5년 전
W.S. Ryu,서울을 조망하기에 가장 좋은 장소 중에 한 곳입니다. 30분 정도 오르면 정상에 도착합니다. 정상에 오른 후 기차바위쪽으로 하산하면 북한산 비봉능선이 무척 아름답습니다.,별표 5개,수정일: 6년 전
Solari Udine,"해가 지기 2시간 전에 경교장에서 출발하시면 아름다운 석양과 서울 도심의 조명을 한꺼번에 보실 수 있습니다 If you start trekking from Gyeonggyojang 2 hours before sunset, you may see the most beautiful panoramic Seoul CBD which just will have been lit up",별표 5개,6년 전
이한울,너무 이뻐서 자주 오르는 산입니다. 귀여운 표정의 CCTV까지 갓벽!!!! 정상 올라시다가 힘드시면 범바위에서 잠깐 쉬시면 되요ㅋ 최근에는 사랑벌레?? 하트벌레?? 가 많으니까 벌레 기피제 뿌리거나 간단하게 입 막으실 천같은가 챙기시는게 좋아요! 등산 끝나고 하산후엔 가방이나 옷에 벌레가 붙어 있진 않은지 꼭 꼭 확인하셔야 될것 같아요 ㅠㅠ,별표 5개,2년 전
윤진욱,천천히 걸으면 정상까지 오르고 내리는데 한시간정도 소요. 아침운동으로 등산하기 가장 적합한 곳. 등산로가 대부분 계단으로 단장되어 등산하기 편한 코스. 월요일엔 입산금지. 여러 등산코스가 있고 중간중간 사찰과 약수터 그리고 운동기구등이 갖추어져 지루하지 않게 운동할 수 있다.,별표 4개,7년 전
환환,조선왕조를 수호하던 인왕산.  서대문에 걸친 '우백호' 인왕산. 아카시아 꽃내음이 스멀스멀 난다. 날이 적당히 흐린 날에 가니 멀리 보이는 어슴푸레한 산줄기가 마치 바다 안개로 둘러싸인 파도와 같다.  2023.05.07 - 방문,별표 5개,2년 전
전은진,서울에서 지하철로 갈 수 있는 산이라 접근성이 좋아요. 경복궁역에서 내려서 사직공원을 지나 올라갈 수 있습니다. 날이 좋아서 사람들이 많았구요. 정상 근처는 큰 돌들을 조금 올라야하니 등산화를 신으면 안전할 것 같아요. 내려다보는 풍경이 너무 아름답구요. 남산이랑 롯데타워도 모두 품어볼 수 있습니다. 초입에는 코스모스도 잔뜩 피어있어서 더 좋아요!,별표 5개,4년 전
카바티나,서울 산 중에 가장 정이 가는 산입니다 경복궁 옆에 위치한 산이기도 하거니와 치마바위 볼때마다 단경왕후 신씨 생각이 나에요 예전에 사극볼때 단경왕후가 참 안타까워 보였는데..... 암튼 바위산이라 호방한 기세가 느껴지기도 하고 높지 않은 정상이지만 올랐을때의 시원함이 정말 좋더군요,별표 5개,8년 전
Sangeon Byun,인왕산 수성동계곡으로 올라가 인왕산자락길을 통해 사직공원(사직단) 방향으로 해서 사직공원 까지의 산책길을 따라 걸으니 운동도 되고 좋네요.,별표 5개,7년 전
Dal Young Kim,서울특별시 중심인 종로구와 서대문구의 경계에 있는 338.2m의 산이다.  기묘한 형상의 대형 바위들이 곳곳에 솟아 있어 작지만 서울의 산 중에서 최고의 조망을 자랑한다.  많은 등산객이 사시사철 찾는 산으로 북악산과 연계산행을 하는 등산객이 많다. 외국인들도 즐겨 찾는 산으로 험하지 않은 능선이 성곽을 따라 뻗어 있어 등산 하기 좋은 서울의 명산이다.,별표 5개,수정일: 3년 전
joon jay,"서울 도심에서 왕복 2시간 내로 천천히 오르내릴 수 있는 산이다! 올라가면 강북의 시가지 모습과 인근 산의 풍경을 감상할 수 있다. 난이도가 빡센 편은 아니지만, 그렇다고 더운 여름에 무방비한 채로 방문하기에는 좀 빡셀 수도 있다. 빠르게 올라가는 대신 그만큼 경사도 가파른 편이기 때문이다⛰",별표 4개,3년 전
Shinyoung Kang,일출 보러 가기 최적의 장소입니다!  비교적 높지 않은 산인데도 불구하고 시내전망이 최고입니다. 아이들 데리고도 편안하기 오를 수 있는 산으로 추천합니다!,별표 5개,3년 전
Prince toad,서울 시내 등산코스로 가깝고 빠르게 다녀올 수 있는 산 도시 전체를 볼 수 있는 정상 뷰,별표 5개,2년 전
HJ Cox,"날씨가 흐리고 바람이 많이 불어서 사진은 이쁘게 안나왔지만 그 덕분에 걷기는 좋았고 공기가 맑아서인지 남산, 롯데월드타워, 경복궁, 청와대같은 랜드마크들까지 잘 볼수있어서 좋았어요! 비기너에게 안성맞춤이고 산책개념으로도 다녀올수있다는 글들을 봤는데 사실 비기너인 제가 볼때 그렇게 호락호락한 산은 아니었어요 ㅜㅜ 제법 경사가 있는 구간에 돌계단이 있어서 생각보다 쉽게 올라가고 내려가지진 않더라구요.. 그렇지만 뷰도 너무 예쁘고 하이킹트레일도 여기저기 잘되있어서 좋았어요~",별표 5개,수정일: 3년 전
huijeong choi,경복궁역 1번 출구로 나가면 둘레길로 해서 등산할 수 있는 코스가 있어요!! ㅋㅋ 등산을 계획중이시라면 인왕산 추천 합니다! 바위가 많아서 조금 미끄럽긴한뎅 등산화 또는 밑창이 미끄럽지 않은 운동화 착용하시면 안전하게 등산 할 수 있을거 같아요! 미세먼지 좋음이었던 주말! 등산하고 내려오니 좋으네요! 효자동이랑 가까워서 내려와 통인시장 구경도 할 수 있고! 추천추천 합니당!!!,별표 5개,6년 전
Jan Lee,등산로가 편하게 잘 되어있어서 왕복 한시간 잡고 다녀오면 딱 좋다. 특히 서울 중심부가 잘 보여서 날 좋은 날 경치 보러 가기 좋다.,별표 5개,5년 전
여행구리,"날씨 좋을 때 가면 좋을 듯했다.  눈이 오는 날씨에는 좁은 돌길이 무척 미끄럽기 때문이다.  사직공원에서 내려 자락길로 걸어가다 등산길로 올라가는 코스를 추천한다.  등산길로 오르는 길 건너편에 성곽이 보이는 내리막길이 있어 사진 찍으려면 그 길이 낫다. - 인왕산은 산 전체가 화강암으로 구성되어 있으며 기묘한 형상의 바위들이 많아 다양한 이름들이 지어져 있다. 선바위는 인왕산에서 가장 유명한 곳인데 2개의 거대한 바위가 마치 스님이 장삼을 입고 서 있는 것처럼 보여 ‘禪’자를 따서 선바위라 불렀다. 모자를 닮은 모자바위, 돼지를 닮은 돼지바위, 두꺼비바위, 코끼리바위가 있고 남쪽 능선 정상에 있는 달팽이바위는 달팽이가 기어가는 형상으로 유명하다. 호랑이 굴이 있는 남쪽 능선에 호랑이바위, 정상부에 이르면 뾰족한 메부리바위가 있으며 삿갓모양의 삿갓바위가 인왕산 정상이다. 그외 치마바위, 해골바위, 기차바위, 부처님바위 등이 있다.  봄에는 진달래가 만발하고 곳곳에 약수와 누대(樓臺)가 있었다. 경치가 아름다워 이를 배경으로 한 산수화가 많은데, 특히 정선(鄭敾)의 《인왕제색도(仁王霽色圖)》와 강희언(姜熙彦)의 《인왕산도(仁王山圖)》 널리 알려져 있다. 조선 후기 영조 대와 일제강점기에 인왕산의 표기를 ‘仁旺’이라 표기하기도 하였으나, 현대에 들어서 ‘仁王’으로 옛 지명이 환원되었다. 청와대를 경호하는 군사적인 이유로 1968년 1월 21일출입이 통제되었다가 1993년 3월 25일 정오부터 개방되었다.",별표 4개,수정일: 4년 전
Mira Won,서울 인기 산 중 하나라는 말에 인정! 홍제역에서 개미마을로 인왕산 들어가는 길을 가장 추천합니다!,별표 5개,3년 전
Seokho Yi,산에 오르기에 정말 무난한 높이의 산이다. 험하지 않고 정상까지 오르고 내리는데 한시간 정도면 된다. 서울 종로구 시내가 내려다 보이며 운동으로 가볍게 오르내리기에 추천하고 싶은 아름다운 산,별표 5개,5년 전
조혜경,"바람이 많이 불어서 휘청거리며 올랐지만, 늘 올 때마다 오를만하고 오를 가치가 있는 멋진 곳이예요.",별표 5개,1년 전
김안락,"아마도 서울에서 가장 접근성 좋은 산. 지하철로 갈 수 있다는 점이 장점이다. 올라가는 루트가 다양하니 미리 검색해보고 가면 좋다.  올라가는 길에 그늘이 별로 없어서 날이 더울 때는 땡볕을 예상해야 한다. 코스가 길지 않아서 난이도는 낮은 편인데, 정상으로 올라가는 막바지 구간에서 등반 느낌이 살짝 난다. 그래도 편하게 오르기 너무 좋은 산이다. 밤에도 많이 오르는 산이다.",별표 5개,4년 전
정라현,다른 산들에 비해 비교적 펀하게 시간 오래 들이지 않고도 정상까지 오를 수 있는 몆 안되는 산입니다. 하이딩 개념으로서 추천드리는 산이에요.,별표 5개,4년 전
이지숙,"인왕산숲길에서 청운동문학도서관신길예요,인왕산은돌산이라걷기힘든구간이나오지만,나무 사이로걸을땐좋아요",별표 5개,4년 전
HoYune Yu,"지근지척에 시간소요도 크지 않아 반나절 즐기기에도 좋으면서 멋진 풍광과 약간 난이도 있는 길까지.. 최고. Very near to center of Seoul, perfect combination of views and trail walk which will take only a few hours",별표 5개,7년 전
인공지능,정상에서 내려다보는 뷰가 너무 좋았습니다. 수성동 계곡 쪽에서 정상으로 출발할때는 위험하거나 크게 힘든부분은 없었으나 정상에서 기차바위를 지나 흥지문쪽으로 내려갈때는 코스가 꽤 길고 곳곳에 위험해 보이거나 길이 잘 닦여있지 않은 곳도 있었습니다. 흥지문쪽으로 내려갈때는 조심해서 내려가는게 좋을듯 합니다.,별표 4개,5년 전
김동호,도성 성벽을 따라 등산로가 잘 정비되어 역사와 문화와 전통을 느끼면서 등산을 할 수가 있는 아주 좋은 곳.,별표 5개,3년 전
단식자,사무에서 멀리 보이는 인왕산의 화강암은 멋지기 그지 없어 언젠가 꼭 가보리 생각했는데 우연찮게 평일에 지인과 가게되었다. 사직단 옆길을 따라 걸어올라갔다. 올라갔다. 내려오는 시간은 넉넉잡아 두시간~세시간 정도 잡으면 될 듯 하다. 그리 험하지 않고 가볍게 올라갈 수 있다. 서울 전경이 모두 보이는 경치가 일품이다. 연수로도 좋고 가벼운 ? 산책으로도 좋다.,별표 5개,5년 전
Iloveyou,"경복궁역에서 1번 출구로 나와 사직단을 지나 우회전하여 황학정국궁전시관을 지나 인왕산유아숲체험장,  범바위, 인왕산정상 , 인왕산숲속쉼터, 윤동주문학관  코스가 무난함 가벼운 코스는 아님.  성곽길을 따라가는 코스임",별표 5개,3년 전
라임,서울 시내 한복판에 신선한 공기와 초록숲을 거닐며 서울을 조망할 수 있는 곳 전철로 연계 등산로 접근도 용이 대도시에 강과 산과 편의시설을 두루갖춘.. 많은 도시를 여행다녔지만 서울만큼 아름다운 도시도 흔하지 않은듯 홍보가 많이 되었으면 하는 바램,별표 5개,수정일: 4년 전
셰비,포토존이 즐비하고 서울시내가 한눈에 들어와서 정말 좋았어요 . 요즘 산다니기 좋은데 인왕산추천합니다 . 지난 토요일 다녀왔는데 어린아이들도 부모님과 함께 온거 보고 놀랐어요 .~^^♡,별표 5개,3년 전
박서연,(개인적인 의견입니다) 높이는 그렇게 높지않았요 난이도는 쉬운편이지만 계단이많아 까다로울수있어요 위에는 아이스크림도 팔아서 정말 좋아요!,별표 5개,6달 전
Joonbeom Lee,"서울시내에서 가볍게 등산가기 좋은 산입니다. 윤동주 문학관으로 올라가는방법이나, 홍제동으로 올라가는방법이 제일무난합니다.",별표 5개,5년 전
abrooyal K,서울 서쪽을 지키고 있는 산. 젊은 사람들도 등산하러 많이 찾아온다.,별표 4개,2년 전
890stone,서울 중에서도 서촌에 있는 300m 남짓의 산 100년 전에는 호랭이도 살았다던데... 여기서 보는 서울의 모습은 정겹다 따스하다 특히 직육면체 건물들이 표정을 갖는 해질녘엔 더욱 그렇다.  아파트만 보이는 풍경이 아니라 좋다,별표 4개,3년 전
박성운,가벼운 마음으로 등산하기 좋은 산.  경복궁역 1번출구로 나와서 이정표 보고가면  무리없이 정상가는길을  찾을수 있음,별표 5개,3년 전
이채은,낮다고 얕보면 큰일난다 ㅎㅎ 산책로라고 하는데 나에게는 산책로가 아니었다😭 초보자는 물 꼭 챙겨가시길😭 올라가다가 뒤돌아보면 멋진 풍경이 보여 천천히 조금씩 쉬어가도 좋다…,별표 5개,4년 전
김대식,"인왕산하면 조선후기 영조 시대, 조선의 화성(畵聖)이라 불리는 겸재 정선이 비에 젖은 인왕산을 그린 '인왕제색도'가 연상될 정도로, 동국진경(東國眞景)의 최고 명작이자 대표작이라고 생각합니다. 겸재 정선은 조선땅 산수를 중국이 아닌 우리 시각으로 바라보고 우리식으로 그린 진경산수(眞景山水)의 창조적 화가였습니다.  이는 겸재가 평생 갈고 닦아온 만년의 원숙미와 힘이 보는 이를 압도하게끔 인왕제색도에 녹아있기 때문입니다.  그래서 인왕산에 올라가 아름다운 서울 경치를 감상하는 것도 좋지만, 경복궁 경회루의 돌기둥에 기대서 인왕제색도를 그리며 보는 인왕산의 아름다움은 비할 바가 없습니다. 특히 비온 후 개는 인왕산의  흰 화강암벽이 비안개 걷히며 눈부시게 드러내는 엄청나게 큰 모습을 빠른 붓으로 쓸어 내려 표현한 먹 빛갈의 농담의 조화를 상상하면, 인왕산이 왜 서울의 주산인 북악산의 우백호(右白虎)라 하는지 이해가 됩니다.  고 이건희 삼성그룹 회장의 뜻인 기업의 사회적 책임에 따라 삼성﻿家가  국민의 품으로 안기게 한 국보 216호인 '인왕제색도', 이건희 회장 부부의 '1호 컬렉션'입니다.  인왕제색도 원화를 국립 중앙박물관에서 볼 수있다는 기대에 기쁩니다.",별표 5개,수정일: 3년 전
Seung-yul Vin,신년에 올라가서 새해 다짐하기 좋은 난이도와 뷰. 미세먼지 빼면 좋은 서울중심부 전경을 볼 수 있음,별표 5개,5년 전
서동주,"서울성곽으로  이어지는 인왕산길은 수도서울의 심장부인 광화문,세종로길을 조망할수 있다.",별표 5개,8년 전
풀메탈재킷,초보도 쉽게 오를 수 있고 가는 길도 편해요,별표 5개,1년 전
Kevin P,인왕산 거쳐 자하문 지나 북악산 팔각정에 들러 정릉 국민대로 돌아나오는 코스 강추,별표 4개,수정일: 3년 전
정요한,"높지도 않은데, 다양한 매력이 있는 산이었어요",별표 5개,5년 전
Billy S Joe,바위가 많고 아직은 약간 험하고 다른 자락길에 비해 안내 등이 부족한 듯,별표 4개,4년 전
youngseob Kim,야경이 아름다운 인왕산. 초보자도 쉽게 오를수 있어요,별표 5개,2년 전
나마늘 (마늘),서울에서 쉽게 올라가기 좋은 인왕산. 길도 잘 조성되어있어 올리가는데 등산 초보자들도 어렵지 않다.,별표 4개,8년 전
JW Kim,도심에 이렇게 멋진 산이 있다는 것은 행운이다. 한양도성과 함께 가볍게 등산하기 좋다,별표 5개,7년 전
해바라기,비온 두 구름모자 쓴 인왕산 치마바위 풍경이 넘 예쁘네요,별표 4개,4년 전
tobias Kim,인왕산에 올라가면 사방으로 전망이 좋아용~~,별표 5개,수정일: 3년 전
Guide's traveling,인왕산 계곡 입니다. 조용하고 한적하고 공기가 맑어 좋았습니다,별표 4개,4년 전
김원선,홍지문에서 들머리하여 등산하면 호젓한 등로가 너무예뻐요 기차바위에서의 조망이 뛰어나고 청와대가 조망됩니다. 주말에는 경복궁역에서 올라오는 등산객들로 하산30명 정상쪽30명 나눠서 산행할정도로 인기가많고 서울 시내가 모두조망되는 산  야간산행도 좋아요 20231129 개미마을 마을버스07종점에서 기차바위까지 800m 최단코스 인왕산까지 정상에서 눈이 내리는 예쁜 산행했어요,별표 5개,수정일: 1년 전
ju,사람이 엄청 많지만 바위산이라 예뻐요 그리고 경복궁1벙출구에서 오는것보다 안산쪽에서 올라오는게 나을듯. 1번출구로 해서 인왕산 자락길-> 호랑이동상? -> 정상 -> 무지개다리  이렇게 내려갈 때 무지개다리쪽이 바위로 내려가는거여서 다소 위험 하다고 느껴져요,별표 5개,1년 전
Ro ayoun,가볍게 오르기 좋은 좋은산입니다 너무 땡볕이아니라 즐겁게 등산을 할수있어서 자주갑니다 강추,별표 5개,3년 전
인형가방,서울시내가 한 눈에 내려다 보이는 멋진장소,별표 4개,7년 전
Dominic Park,서울시내 최고의 풍경,별표 5개,2달 전
김현남,날이 너무 흐르고 인왕산정상까지 오니까 공기가 더 좋았네,별표 5개,3달 전
통통,1시간만 올라가면 야경이 끝네줘요.,별표 4개,4년 전
Gregory P.,눈으로만 보다 직접 올라가 보니 더 아름다웠습니다. ^^~,별표 5개,6년 전
Sunghyun Choi (최성현),서울의 도심을 한 번에 조망할 수 있다.,별표 4개,3년 전
나아무,"광화문에서 인왕산까지 두 시간, 넉넉잡아 세 시간이면 다녀올 수 있어요. 사직공원부터 인왕산에 오르면서 보는 서울 경치는, 정말 서울의 비경 중에 하나죠. 개인적으로는 하이킹을 좋아하는 외국인을 대상으로 관광코스로 만들어도 부담없고 좋을 것 같다는 생각을 합니다.",별표 5개,5년 전
노시경 TRAVEL,옛 한양을 감싸던 4대산 중의 한 곳으로 바위산의 풍광이 압도적입니다. 등산로를 걷다가 뒤돌아보면 구불구불 아름다운 성곽길이 이어집니다. 정상의 높이는 338.2m입니다.,별표 5개,수정일: 5년 전
쿠로바키드,올라가봤는데 서울 종로구 시내랑 서울시내 한번에 다 볼수 있었습니다. 시야가 잘 보이면 북한도 보이고 수원까지도 보일지 모르겠지만 정상 경치가 아주 끝내줍니다.,별표 5개,7년 전
Jin Woo Ahn,산에 오르는 재미를 원하시면서도 가볍게 올라 서울을 조망하고 싶다면 추천합니다. 단언컨대 서울 최고의 전망대 중 한 곳입니다.,별표 5개,6년 전
김하연,계단 지옥.. 뷰는 끝내준다,별표 4개,4년 전
green beside,"박노수 미술관 갔다가 실패하고 그 주변이나 둘러보자 싶어서 우연히 갔던 곳인데, 기대 이상이여서 너무 좋았어요.  수성동 계곡쪽 입구를 시작으로 윤동주 문학관쪽으로 트래킹을 해봤는데, 데크를 아주 잘 설치를 해놨더라구요. 인왕산도 돌이 많아 굉장히 험한 산인데, 데크를 통해 편하게 산책할만하게 조성을 잘해놨어요. 보통 산에 설치된 계단의 한단 높이가 너무 높아도 올라다니기가 힘든데, 한계단 높이도 전체 경사를 완만하게 따라 올라갈 수 있을 정도로 잘 설계를 해놨고, 산책로 중간마다 체육시설이나 이중섭 등의 그림을 담은 벤치 등 운치가 참 좋더라구요.  가벼운 운동화 신고 충분히 산책할 수 있는 경로에요. 해가 막 떨어지기 시작할 무렵이였지만 야경도 좋고 공기도 싸하지만 상쾌해서 참 좋았어요.  옥에 티라면,,, 저 아랫동네에서 시위하고 계셨던 분들의 확성기 소리;;;; 그거 빼놓곤 너무 좋았습니다. 추워지면 가기 힘들겠지만, 날씨 좀 따뜻해지기 시작하면 다시 가볼꺼에요. 서촌 투어 코스 중에 하나로 넣어도 너무 좋아요 (물론 걷는 걸 좋아하시는 분에 한해서요)  아 그리고, 경로 중에는 화장실이 없어요. 입구쪽이나 청운도서관쪽으로 다 내려가야 화장실이 있으니 이 점도 참고하셔야 해요.",별표 5개,5년 전
김재경,힘들지만 짧은 시간 안에 등산할 수 있었습니다.,별표 4개,7년 전
김형나,너무 높고 길이 험해요.하지만 뷰도 좋고 산공기도 좋았습니다.,별표 3개,8달 전
랭킹노트,누하동이 내 어릴 적 놀던 곳이라 당연히 인왕산도 포함됐다. 넓직한 치마바위를 지나 정상까지 이르는 길은 바위에 계단을 깎아 만들었고 옆에 손잡이도 없어서 아찔한 코스였다. 지금은 통제가 되고 있는 것으로 아는데 자동차를 타고 사직공원에서 출발하여 인왕산 허리를 돌면서 청와대와 도심의 빌딩들을 감상할 수 있고 북악 팔각정에서 그다지 싸지 않은 커피를 마시고 내려오는 이 코스는 누구에게나 추천하고싶은 코스다.,별표 5개,수정일: 7년 전
달달한팥죽 (초록머그잔),항상 서울에서 가볍게 산책가기 제일좋은곳:-),별표 5개,3년 전
YC Kim,"조선 태조, 세종, 숙종 등 시대별로 다양한 형태의 성돌이 있고, 서울을 여러방향에서 조망이 가능한 곳. 일단 한번 와보세요. 등산으로 건강 챙기는건 덤이고요.",별표 5개,6년 전
petrusJin,6월 맑은날 아침의 인왕산! 너무 멋있습니다 ~,별표 5개,2년 전
김동식,가볍게 등반하기좋음. 개미마을까지 마을버스로 가서 올라갔다 내려오면...~ 근처에 살면 매일 운동삼아 등반하면 좋을 코스. 기차바위 뻥 뚤려서 바람시원하고 좋음.,별표 4개,4년 전
표진수,밤에도 좋음,별표 5개,4년 전
숲숲,서울시내 최고 전망!,별표 5개,7년 전
donghyun one,서울 고지대 야경 중 최고인거같습니다.  생각보자 정상쪽은 길이 험하고 위험해서 조심하셔야되구요.,별표 5개,4년 전
김영철,우리 대한민국의 대표를 뽑는 해를 맞이하여 욕심없이 나라사랑하시는 분이 대표가 되어 주시길 바람으로 방문했사오니 부디 그분이 되시길 빌며 문제아가아닌 나라사랑하시는......♥,별표 5개,8년 전
한주영,"C 서울 도심의 적당한 산행이 가능한 산. 도성이 있고, 서울시내 전경을 보기에도 좋음.",별표 4개,4년 전
전광은 (묘한언쿨),청화대 뒷산이고 예전에는 통제되었던 산입니다! 산이그리높지않고 서울은 한눈에 볼수있기에 좋습니다!,별표 4개,7년 전
Hans Kim,그냥 사랑이고 추억입니다,별표 5개,5년 전
Cloud Ywing,"서울의 멋진 경관을 볼수있는 곳  조선 개국 초기에 서산(西山)이라고 하다가 세종 때부터 인왕산이라 불렀다. 인왕이란 불법을 수호하는 금강신(金剛神)의 이름인데, 조선왕조를 수호하려는 뜻에서 산의 이름을 개칭하였다고 한다. 서울의 진산(鎭山) 중 하나이다. 일제강점기에 인왕산의 표기를 인왕산(仁旺山)이라 하였으나, 1995년 본래 지명인 인왕산(仁王山)으로 환원되었다. 출처:한국민족문화대백과사전",별표 5개,수정일: 5년 전
이정호,다양한 접근등산로가 너무 편리했습니다. 산도 경치도 좋았어요. 서울 나름 살기좋네요,별표 5개,5년 전
조금이상한 일상,일 때문에 찾은 인왕산  주간 서울 전경 야간 서울 전경  촬영~ 끝!  사진찍을때 군 관계자에게 한번 체크 꼭 하세요!,별표 4개,수정일: 4년 전
박세웅,"서울 경복궁역, 안국역, 광화문역에 위치한 경복궁 앞에 있는 산입니다.",별표 4개,수정일: 3년 전
Jongmin Sin,산도 높지 않고 초보자가 가볍게 오를수 있는 좋은 산입니다 야경이나 풍경도 좋습니다.,별표 5개,3년 전
이성구,"서울 안에 있는 조그만 산이지만 청와대와 시청, 광화문, 독립문, 안산 북한산이 보이는 매력만점의 산",별표 5개,7년 전
쌍둥이요정,가벼운 등산이네요^^,별표 5개,2년 전
정수재,"어린이도서관 ,종로도서관을 지나서 인왕산 둘레길은 사계절 모두 봄은 봄대로 여름은 여름대로 너무 좋은 곳 입니다.",별표 5개,4년 전
Gundong Lee,낮의 모습과 밤의 모습이 완벽한 곳 도심에서 만나는 미니 트레킹 최고에요~!!,별표 5개,5년 전
cj chung,가볍게 올라가기 좋은 산,별표 4개,6년 전
boman kim,"청계산만 올랐던 저에겐 새롭고 다양한 볼거리, 체력적으로도 힘들지 않아서 가족 나들이로는 최고이지 싶습니다.  강추예요.  사직단쪽에서 올라갔어요.",별표 5개,4년 전
Pingu Kim,서울의 밤은 아름답다,별표 5개,6년 전
이기호,오래간만에등산해서그런지힘들지만기분이좋고힐링이됐음아주좋음한번가보세요정말좋음초보자도가기쉽지만그렇다고만만해볼산이아님.,별표 5개,3년 전
GANG SU LEE,조금만 올라가면 서울의 야경을 볼 수 있는 포인트 중 하나이다 👍…,별표 4개,4년 전
由香,서울 시내를 바라볼 수 있어 경치가 아주 좋습니다.등산 초보자도 걷기 좋습니다.,별표 5개,3년 전
Hyosook Jung,가파른 돌계단이 이어져서 어러울 듯하지만 10여 분만 오르면 멋진 뷰를 볼 수 있습니다.,별표 4개,3년 전
박광일,종로부암동과 서대문홍제동과연결된산으로 성곽으로연결된 산책로 기차바위 더할나위없는 둘레길코스입니다,별표 4개,수정일: 5년 전
김형동,"가을이 깊어가는 인왕산, 힘들이지않고 사부작사부작 걷기좋은 곳입니다!",별표 5개,2년 전
박성희,강북의 자연경관 중 최고이지 않을까~병풍처럼 드리워져있는 인왕산이 너무 멋지다,별표 5개,5년 전
Sh C,가볍게 다녀오기 좋은 코스,별표 5개,1년 전
Jungsup Lee,서울 도심 한복판에있는 오르기 편한 산. 그리고 뷰도 좋음,별표 5개,4년 전
31 gkakp,오르기 높지 않고 도심에서 가깝고..초보자에게 좋은 등산코스인 듯 합니다.,별표 5개,7년 전
Kumgaec,날씨가 좋은 날에는 인천바다도 볼 수 있다.,별표 5개,5년 전
인현숙,바위타는 재미가 있습니다,별표 5개,3년 전
Younglia Kim,간편하게 가기 좋은산 굿굿굿굿,별표 4개,4년 전
Youness Cho,개인적으로 등산하면서 서울이 파노라마처럼 보이는 벅참이 너무 좋았습니다.,별표 5개,5년 전
김경환,독립문역 1번출구에서 해골바위 지나서 정상 아주좋아요,별표 5개,4년 전
정룡,광화문과 인왕산,별표 5개,수정일: 3년 전
영순이,북한산이랑 연결되있어서 등산 하기엔 아주 좋아요,별표 4개,6년 전
장규김진,크지 않은 산 인데도 오밀조밀하니 있을거 다~ 있는 산.,별표 5개,5년 전
Oo W,집앞에 부담없이 다니기 좋은 산. 서울이 다 보인다,별표 4개,5년 전
in the cabin,돌산이라 생각보다 가파르네요.. 아이들하고 가기에는 좀 힘들어요..,별표 4개,4년 전
용석정,서울 도심을 만날수 있으며 야경도 너무 이쁘다,별표 5개,4년 전
Jh kimchoi (꿀꾸서방),20201001 추석 보름,별표 5개,4년 전
tokuchan동욱,뷰가 좋고 가벼운 서울 산,별표 4개,2년 전
문성진,닞고 가벼운 산이지만 아름다움 만큼은 예술,별표 4개,7년 전
김정현 (무식한돌쇠),서울의 참맛을 느낄수 있는곳,별표 4개,6년 전
베베마르,창의문쪽으로  오르심 완만해요~,별표 4개,3년 전
ey k,가볍게 등산가능한 곳입니다,별표 5개,4년 전
김상곤,경복궁의 북서쪽에 위치한 산,별표 5개,5년 전
Joonu ji,전망이  끝내줘요 적극추천,별표 4개,2년 전
정승민,정상에서 보이는 도심뷰가 좋았습니다.,별표 5개,3년 전
배영철,서울 시내를 한 눈에 볼 수 있는 기회,별표 4개,7년 전
음냐냐,언제 가도 좋은 곳,별표 5개,6년 전
이만훈,좋습니다 괜찮아요 😊…,별표 3개,2년 전
심형준,산성 따라 오를 수 있음,별표 4개,6년 전
videom,서울 살면 필수 코스,별표 4개,6년 전
Myung-jin Ki,갈때마다 좋다,별표 5개,5년 전
은혁TV,ㅋ,별표 5개,2년 전
Duke Hwang,너무 좋다,별표 4개,4년 전
롯누우,"별로,",별표 1개,5년 전
최동식 (Daniel Choi),도심속의 산책코스,별표 5개,수정일: 7년 전
이광희,완전짱,별표 5개,3년 전
나준용,특별한 산행,별표 5개,8년 전
Yoonmo Kang,강감찬과 호랑이산,별표 5개,8년 전
행사날,조아요,별표 5개,5년 전
Ku Bok,"가벼운 등산하기 좋은산 여러 코스가 존재하며 이번 등산은 경복궁역 1번출구에서 시작해서 자하문으로 내려오는 코스로 선택 해발고도가 낮아 쉽지만 초반부터 시작되는 경사가 조금은 힘들수도 그렇지만 올라서 보는 서울 전경 경복궁, 남산, 한강, 롯데타워는 속이 시원해집니다~",별표 5개,5일 전
Michelle Teo,아름다운 경치와 등반은 정말 나쁘지 않습니다. 지하철 역 근처에서 정상에 도달하는 데 약 2시간이 걸렸고 사진을 찍으려면 한 시간 더 걸렸고 내려오는 데는 2시간이 걸렸습니다.,별표 5개,3달 전
Ang Yan Ang,막힘없는 전망이 너무 아름답습니다  경로의 3/4가 계단입니다. 338.2m의 매우 관리하기 쉬운 언덕으로 1시간 30분 이내에 완료할 수 있습니다(위 및 아래 포함).,별표 5개,4달 전
Trân,"이 산은 초보자와 숙련된 등산객 모두에게 적합한 산이라고 생각합니다. 짧은 산책로, 긴 산책로, 휴게소, 화장실이 곳곳에 있고 특히 명확한 방향 표지판이 있습니다. 여기까지 오는데 지하철과 버스를 탔어요. 아침에는 괜찮았는데, 오후가 되자 버스 안은 늘 사람들로 가득 찼습니다. 그래도 버스로 10분정도 거리라 괜찮았을 것 같아요.",별표 5개,9달 전
Moses Cannone,"선택할 수 있는 시작점은 2가지입니다. 구글 지도와 네이버 지도에 주소가 고정된 출발점은 다음과 같습니다…  시작점 #1: 구글 지도: - 자하문 고개. 윤동주 시인의 언덕 자하문고개. 윤동주문학관 (버스 정류장 중 하나입니다.) 네이버 지도: - 서울시 종로구 창의문로 42  시작점 #2: 구글 지도: - 서울시 종로구 사직동 산1-25 네이버 지도: - 서울시 서대문구 통일로 34길 72-27  * 1번 출발점 이용 시 주의사항 버스 정류장에서 길을 건넌 후 위쪽 방향을 유지하는 것이 좋습니다. 그 길로 내려가거나 이 작은 경사면을 내려가면 산 정상에 오르지 못하기 때문입니다. 현지인이든 외국인이든 도움이 되길 바랍니다.  * 하이킹은 총 1시간 정도 소요되므로 재미있게 즐겨보세요. 일반적으로 산 정상에는 사진을 찍는 사람들이 많이 있으므로, 그곳에서 사진을 찍을 계획이라면 그에 맞춰 일정을 계획하세요. 아마 줄이 있을 테니까요. 거기까지 약 10분 정도 걸렸어요.  * 밖에서는 안전을 유지하세요!",별표 5개,9달 전
Lia,사랑스러운 하이킹 !!! 큰 바위에 멈춰서면 쉬울 수 있지만 도전을 원한다면 꼭대기까지 올라가보세요! 운이 좋으면 아이스크림 맨이 있어서 더위를 식힐 수 있어요 ^^ 역에서 약 2시간 30분(왕복) 정도 걸렸어요!,별표 5개,1년 전
Florin Grasu,"이 트레일은 운동하기에 좋은 코스입니다. 고도가 약 300m이고, 어떤 구간은 꽤 가파르고 계단이 많으며, 힘든 구간도 있습니다. 하지만 도시의 경치를 보면 여행 내내 그만한 가치가 있습니다.",별표 5개,10달 전
Jihwan Kim,산길을 따라 걸으면 서울의 아름다운 전경이 항상 눈앞에 펼쳐집니다! 서울에서 꼭 가봐야 할 곳이에요!,별표 5개,11달 전
Marivi Cervi,여러 경로를 수행할 수 있으며 초보자에게 적합합니다. 벽의 전망은 매우 아름답습니다. 우리는 사람들이 더위를 식히고 있는 개울이 있는 계곡에 도착했습니다. 우리가 선택한 날은 습하고 더웠기 때문에 최고는 아니었지만 그래도 물을 즐길 수 있었습니다. 지하철에서 접근이 헷갈릴 수 있으니 블로그를 참고하시거나 문의하시는 걸 추천드려요,별표 4개,2년 전
Halif Saban,이것은 서울에서 할 수 있는 최고의 하이킹입니다. 하이킹은 약간 도전적이며 오르막과 내리막을 모두 완료하는 데 2~3시간밖에 걸리지 않습니다. 체력이 좋으면 빠르게 완료할 수 있습니다. 나는 몸무게가 108kg인데도 불구하고 정상에 올랐다. 물 1리터와 간식을 가져와 꼭대기에서 즐기세요. 전체 하이킹은 대부분 계단으로 가득 차 있어 매우 간단합니다. 그리고 서울의 가장 좋은 전망을 볼 수 있습니다. 특히 하이킹을 거의 하지 않는 사람들에게는 보람 있는 경험입니다.,별표 5개,5년 전
Antje Hansow,"친구들과 함께 이 산을 하이킹하며 즐거운 하루를 보냈습니다. 가는 길에 빔바위, 한양도성, 서수동 계곡에 들러보는 것을 정말 추천합니다. 그리고 책벌레라면 인왕산휴게소 도서관도 놓치지 마세요. (저희처럼) 여름에 하이킹을 계획하고 계시다면 충분한 물과 모자, 자외선 차단제를 챙기세요 ;)",별표 5개,2년 전
A P,"서울 시내의 멋진 전망. 가파른 오르막/등산로지만 길지는 않습니다. 돌과 바위 위에 계단이 있어서 조금 무섭고 깊습니다. 레일 로프를 잡고 오르내릴 수 있습니다. 산 주변과 산을 통과하는 길이 여러 개 있습니다. 저는 서울 성벽을 따라 정상까지 오르는 길을 택했고, 그다음에는 그늘 아래 산을 통과하는 짧고 쉬운 계단길을 택했습니다. 성벽을 따라 펼쳐지는 풍경을 감상하며 잠시 쉬어갈 수 있는 좋은 장소가 많습니다.",별표 4개,4년 전
sampurna balde,최고의 하이킹! 너무 밟지는 않지만 자갈이 있으니 충분히 조심해야 합니다. 그 외에는 강력히 추천하며 도시 최고의 전망을 감상하세요!!!,별표 5개,3년 전
Nicholas Rowland,"이 사진들은 산 동쪽에 있는 등산로에서 찍은 사진입니다. 오르는 데 아주 수월합니다. 파란색 등산로는 유모차를 끌고 가기 좋고, 빨간색 등산로는 멋진 경치를 감상할 수 있습니다. 두 등산로 모두 서울이 내려다보이는 멋진 전망대로 이어집니다.",별표 5개,7년 전
Kyuwon Lee,낮과 밤 모두 숨이 멎을 만큼 아름다운 도시의 전경을 제공합니다. 더 좋은 점은 산책로가 잘 관리되어 있고 대중교통을 이용해 쉽게 접근할 수 있다는 것입니다. 인간과 자연이 함께 만들어가는 이 궁극적인 아름다움을 누구도 받아들이지 말아야 할 이유를 단 한 가지도 찾을 수 없습니다.,별표 5개,4년 전
Ajinkya Patil,"서울 시내, 서울 성벽, 남산타워, 청와대(청와대, 즉 한국 대통령 관저)의 멋진 전망. 멋진 전망을 제공하는 간단한 2시간 하이킹입니다. 한양도성을 따라 걸을 수 있습니다. 종로의 산 옆에는 아름다운 정원이 있습니다.",별표 5개,6년 전
SEAN,멋진 하이킹 코스입니다. 서울에 방문한다면 꼭 가봐야 할 곳입니다. 입장료는 없습니다. 길가에 매점이 없으니 음료나 간식은 미리 사 가는 것이 좋습니다. 쓰레기통도 없으니 쓰레기는 작은 비닐봉투에 담아주세요.  하늘에서 내려다보는 풍경은 정말 아름답습니다. 서울이 얼마나 큰 도시인지 실감하게 됩니다.,별표 5개,7년 전
David Kim,아마도 서울에서 (안산과 함께) 하이킹하기 가장 좋은 곳일 것입니다. 하이킹의 대부분은 계단이지만 괜찮다면. 위에서 보는 것이 좋습니다.,별표 5개,2년 전
noah,나는 겨울에 거기에 갔다. 그리고 산 정상에는 눈이 가득 쌓여 있습니다. 그것은 아름답고 놀라운 풍경이었습니다. 나는 이전에 수많은 나라를 가봤지만 이곳은 내가 가본 곳 중 가장 좋은 곳 중 하나입니다. 눈오면 여기 추천해요,별표 5개,2년 전
JH LEE,"서울의 다른 산에 비하면 쉬운 산임은 분명합니다. 하지만 한 걸음 한 걸음 조심해야 합니다. 서쪽(독립문역 근처)에서 시작하는 것이 창의문 근처로 마무리하기 좋습니다. 서쪽 끝 사직근린공원은 10월 코스모스 꽃이 만발하여 정말 아름답습니다. 어두워지기 전에 하산을 시작하세요. 일부 코스에는 조명이 없어 위험할 수 있습니다. 난이도에 따라 2~3시간 정도 소요됩니다. 또한 창의문, 석굴암, 수선동 계곡, 무무대 전망대 등 산에는 볼거리가 많습니다. 둘레길(낮은 구간을 걷는 산책로)은 담장길보다 훨씬 수월하여 어린이와 노약자에게 좋습니다.",별표 5개,수정일: 5년 전
wing thanh nguyen,"우연히 인왕산 언덕에 갔는데, 매주 화요일이 가까웠고 주위를 둘러보며 배경에 언덕 위로 작은 산책로가 보였습니다. 인왕산 언덕인지는 몰랐고, 언덕 위로 길이 있는지 알아보기로 결정했습니다. 가는 길에 많은 카페 상점과 레스토랑이 있었고, 산책로가 시작되기 직전에 맛있는 브루거와 감자튀김을 만드는 이 작은 버거 가게를 발견했습니다. 인왕산 언덕에 세 개의 봉우리가 있다는 것을 알게 되었는데, 몸 상태가 좋으면 세 봉우리를 모두 볼 수 있습니다. 우리는 첫 번째 봉우리에 올랐습니다. 길을 따라 놀라운 경치를 내려다볼 수 있습니다. 올라갈수록 더 좋아지고, 정상에 오르는 것은 약간 위험할 수 있으므로 항상 친구들과 함께 가십시오. 부상을 당할 경우를 대비해 의료진이 산길을 오르내리고 있습니다. 화창한 날을 선택하여 물과 간식을 잊지 말고 즐거운 여행을 즐겨보세요. 적극 권장합니다.",별표 5개,7년 전
Pat Mlt,반드시 해야 할 일입니다 ㅋㅋㅋ 나는 북쪽에서 갔다가 다시 남쪽으로 내려와서 서울 반대편에 있는 것을 더 좋아한다. 😉…,별표 5개,10달 전
Black Koru,내 생각엔 대부분의 외국인들은 낮에 방문하고 대부분의 한국인들은 밤에 방문한다. 따라서 두 세계의 최고를 모두 즐기려면 일몰 90분 전에 하이킹을 시작하는 것이 좋습니다. 이 산은 정말 로맨틱해요,별표 5개,5년 전
Jean Sheung,서울의 아름답고 쉬운 접근성 모든 간판이 한국어로 되어 있어서 외국인이라면 미리 집에서 일을 하세요. 외국인에게는 쉽지 않지만 서울의 풍경을 볼 수 있는 곳은 숨이 막힐 정도로 아름답습니다!,별표 5개,6년 전
Hyangyroung Jeong,"정말 가능한 산이다. 하이킹을 전혀 좋아하지 않는다면 이 인왕산을 아주 쉽게 하이킹할 수 있고, 좋아할 것입니다! 올라가고 내려가는 데 거의 2시간 정도 걸렸어요. (너무 쉬었어요 ㅋㅋㅋ). 신분증을 가져갈 필요는 없지만 한국군이 보입니다.  그리고 이것은 하이킹하기 꽤 힘든 북한산(북한산)을 준비하는 시작의 좋은 첫걸음이 될 것입니다. 날씨와 산을 즐겨보세요!",별표 4개,7년 전
RV,"역사적인 성벽 바로 옆, 공원 꼭대기까지 이어지는 멋진 하이킹 코스입니다. 도시의 가장 아름다운 전망도 감상할 수 있습니다.",별표 5개,3년 전
Thomas René,"지하철에서 내려 15분 정도 오르막길을 걸어 등산로 입구까지 간 후, 성벽을 따라 1시간 정도 걸었습니다. 서울의 아름다운 전경을 한눈에 담을 수 있었습니다. 성벽을 따라 ""계단""으로 이어지는 길이 있는데, 도시로 내려가는 길에 시도해 볼 수 있습니다. 꽤 쉬웠고, 성벽의 색다른 모습을 볼 수 있었습니다.",별표 5개,2년 전
Kathrina Theresa Firmeza,초보자와 전문가를 위한 산책로가 마련되어 있습니다. 이 지점에서 서울의 숨막히는 전경을 내려다볼 수 있습니다.,별표 5개,7년 전
최윤선,모임 그룹과 함께 야간 하이킹을 시도해 봤습니다. 제 사진은 S사 최신 모델로 찍은 사진만큼 좋지는 않습니다. 정상에서 바라보는 경치는 등산 중 흘린 땀을 잊게 해 줍니다.,별표 5개,7년 전
Jenny Seo,서울 최고의 명소 중 하나예요. 꼭 가보세요.,별표 5개,3년 전
Rafaela Spelta,"이 산은 초보자도 쉽게 등산할 수 있습니다. 한국에서 처음으로 등산을 했는데, 여름에 갔는데도 엄청 더웠지만 정상까지 가는 건 꽤 쉬웠습니다. 대부분 계단이고 정상까지 가는 길도 몇 군데 있습니다. 특히 여름철 더위 속에서 시원하게 산책을 즐기려면 하산길에 서수동 계곡을 꼭 추천합니다.",별표 5개,2년 전
Paul Fox,표지판이 잘 되어 있고 관리도 잘 되어 있습니다. 더위 속에서는 산책로가 아닌 계단을 계속 걸어야 하므로 힘듭니다.,별표 5개,3년 전
Phuong Dang,어려운 오르막 길을 선택하면 새 소리와 시냇물 소리와 함께 자연 경관과 공기를 경험할 수 있습니다.,별표 5개,5년 전
다정,최고의 경치는 가장 힘든 등반 후에 나옵니다.,별표 5개,4년 전
Yasuo Shibusawa,경복궁 서쪽에서 쉽게 올라갈 수 있는 산 150516,별표 4개,8년 전
Patrick MARTIN,복귀가 가파르지만 조심하세요… 화장실은 조심하세요 😂…,별표 4개,10달 전
johwi Park,좋은,별표 5개,6달 전
Siu Wah Li,경치도 좋고 서울 시내도 보이고,별표 4개,6년 전
Cristina Berci,궁전과 가까운 이 산은 쾌적하고 그다지 어렵지 않은 하이킹을 즐기기에 좋은 장소입니다. 정상에서 보는 전망이 훌륭합니다. 시청을 따라 산책하는 것과 함께 서울의 탁 트인 전망을 감상할 수 있습니다.,별표 5개,7년 전
lina nil,정말 좋은 하이킹이었어요,별표 5개,5달 전
Lyn Mendoza,"인왕산에 오르기 가장 좋은 시기는 해가 지기 1시간 전이므로 도시와 성벽, 남산타워의 멋진 전망을 즐기거나 사진을 찍을 수 있다. 밤하늘과 도시의 불빛을 보려면 몇 분 정도 기다리세요. 올라가는 데 30분 정도 걸렸고, 계단이 있어서 쉽게 트레킹할 수 있었습니다.",별표 5개,6년 전
Richard Lee,쉽게 갈 수 있는 한국 최고의 상징적 장소 중 하나,별표 4개,2년 전
Pongsatorn swc,위에서 바라보는 풍경이 정말 아름다워요. 꼭 한 번 와 보세요.,별표 5개,8년 전
Timothy,339.8M 쉬운 경로,별표 5개,2년 전
Alex Kim,높이가 무려 300미터에 달하는 산입니다. 요새 길을 따라 하이킹하는 것은 꽤 쉽습니다.,별표 5개,2년 전
Milly (みりぃ),최고의 전망!,별표 5개,수정일: 2년 전
Trotting Horse,여기 올라가는 하이킹 정말 좋아요. 서울의 작은 성벽이라고 부르고 싶어요. 아름다운 산책로에 경치도 최고예요.,별표 5개,5년 전
Jason Cook,훌륭한 하이킹 코스와 아름다운 도시 전망을 자랑합니다. 난이도는 보통입니다.,별표 5개,1년 전
Rasel Mollah,"설명인왕산은 서울특별시 중부 종로구와 서대문구 홍제동에 위치한 높이 338m의 산이다. 이름은 문자 그대로 한국어로 ""관대한 왕의 산""을 의미합니다.",별표 5개,6년 전
Travel Story By SC Chang,서울 근처에 있는 경치가 아름다운 산입니다. 정말 아름답습니다.,별표 5개,2년 전
Nicholas McLaughlin,놀라운 하이킹 - 때때로 이곳 언덕에서 어떤 놀라움을 발견할 수 있을지 알 수 없습니다.,별표 5개,4년 전
Sergio Gabriel,서울에 있는 또 다른 등산 명소입니다. 정말 좋아요!,별표 5개,4년 전
Polina Nesterova,매우 편안합니다.  화장실과 어디로 가야하는지 표지판이 있습니다. 길고 조용한 여행,별표 5개,5년 전
Alexander P,오래 운전하고 싶지 않다면 하이킹하기 좋은 곳입니다.,별표 5개,7년 전
maryam bolouri,"훌륭한 경험입니다. 천천히 걸으며 자연, 산, 사원을 즐기세요.",별표 5개,7년 전
Jenna,야경이 아름다워요. 데이트하기 좋은 곳이에요.,별표 5개,4년 전
Krzysztof Stobinski,짧은 계단을 오르는 것도 가치가 있어요!,별표 5개,1년 전
Paulish “Matt” K,서울을 내려다볼 수 있는 최고의 장소,별표 5개,6년 전
Małgorzata Lipska,서울의 멋진 파노라마,별표 5개,8년 전
Oli,10/10점. 하지만 월요일은 휴무입니다!,별표 5개,6년 전
Олжас Касымхан,시원한,별표 5개,2년 전
