순번,쉼터_구분,쉼터명,구이름,도로명주소,X좌표,Y좌표,운영시간
1,CU,남대문로5가점,중구,"중구 세종대로 8-1, (남대문로5가)",197649.2868,550893.7822,24시간
2,CU,경희당점,종로구,종로구 경희궁길 36 (신문로2가),197352.6385,552593.6265,24시간
3,CU,동숭아트점,종로구,종로구 동숭길 114 (동숭동) 1층 CU,200338.5856,553737.1762,24시간
4,CU,동묘토성점,종로구,종로구 지봉로4길 21,201500.5888,552420.2493,24시간
5,CU,행당삼부소월점,성동구,성동구 왕십리로 284 (행당동) 1층 CU,203259.2865,551132.8573,24시간
6,CU,자양차이나점,광진구,광진구 뚝섬로23가길 17 1층 CU,205780.3027,548727.4752,24시간
7,CU,전농우성점,동대문구,"동대문구 사가정로 190, 상가(전농동, 전농우성아파트) 2층",205863.9969,553171.577,24시간
8,CU,장안관광호텔점,동대문구,"동대문구 천호대로 377, (장안동)",205388.4614,551424.2036,24시간
9,CU,군자초교점,동대문구,동대문구 천호대로77길 22 1층 CU,205423.9675,551512.2754,24시간
10,CU,답십리점,동대문구,동대문구 답십리동 서울시립대로2길 60 (답십리동) 1층 CU,204324.492,552555.8259,24시간
11,CU,CU중랑동부점,중랑구,"중랑구 중랑천로10길 48, (면목동)",206685.1762,554728.9493,24시간
12,CU,망우경남점,중랑구,중랑구 양원역로 37 경남아파트 1층 1동 1호 1층 CU,209399.0829,556080.8041,24시간
13,CU,CU안암센트럴점,성북구,성북구 고려대로28길 16 안암랜드빌딩 (안암동5가),202702.9001,554000.7645,24시간
14,CU,동선대로점,성북구,성북구 동소문로27길 1 (동선동4가) 1층 CU,201662.3409,555009.1424,24시간
15,CU,창동그랜드점,도봉구,도봉구 해등로 119 (창동),203580.964,561619.6345,24시간
16,CU,도봉무수골점,도봉구,도봉구 도봉로173길 40 (도봉동),203663.6629,564444.2594,24시간
17,CU,방학삼익점,도봉구,도봉구 도당로 36 1층 CU,203088.9415,562398.1427,24시간
18,CU,상계불암점,노원구,노원구 덕릉로94길 21 상계불암대림아파트 1층 CU,206761.3377,562658.9258,24시간
19,CU,중계주공3&4단지점,노원구,노원구 한글비석로 325 1층 CU,206858.1427,561869.4204,24시간
20,CU,서대문센트럴점,서대문구,서대문구 이화여대8길 62 (북아현동) 두산아파트 B1층 상가동 05호,195573.1984,551125.7989,24시간
21,CU,신촌르메이에르점,서대문구,"서대문구 신촌로 127, 메이에르타 (창천동)",194697.8037,550772.62,24시간
22,CU,마포아이비점,마포구,"마포구 서강로 136 (노고산동, 아이비타워) 지하1층 B101호",194327.2936,550511.2514,24시간
23,CU,마포센트럴점,마포구,마포구 대흥로24길 7 (대흥동) NK빌딩 1층,195268.2464,550550.7213,24시간
24,CU,홍대상상점,마포구,마포구 잔다리로 25 (서교동) 1층 1동 101호,192936.9093,550150.3509,24시간
25,CU,신목동점,양천구,양천구 신목로5길 13 1층 CU,188726.3812,546467.7375,24시간
26,CU,방화리치점,강서구,강서구 방화동로 107 (방화동) 1층 CU,183445.5932,552285.6415,24시간
27,CU,관악푸른점,관악구,"관악구 낙성대역길 61 (봉천동, 킹스빌리지) 킹스빌리지 1층",196682.0948,541757.404,24시간
28,CU,관악우체국점,관악구,관악구 남부순환로187길 9 (신림동) 1층 CU,194106.8164,542870.9574,24시간
29,CU,관악인헌길점,관악구,관악구 인헌12길 42 태양빌라 1층 CU,196907.195,541260.4316,24시간
30,CU,CU상도삼호점,동작구,동작구 상도로 407-5 삼호아파트 상가동 지하1층 101호,196164.634,543756.8912,24시간
31,CU,방배롯데캐슬점,서초구,서초구 방배중앙로29길 25 (방배동) 1층 CU,198588.1261,544104.7774,24시간
32,CU,서초센트럴점,서초구,서초구 반포대로18길 36 (서초동) 서초센트럴아이파크 상가 1층 CU,201016.4278,543085.0354,24시간
33,CU,역삼점,강남구 ,"강남구 테헤란로51길 10, (역삼동)",204155.1826,545036.4821,24시간
34,CU,BGF사옥점,강남구,강남구 테헤란로63길 9,204430.7681,545147.6593,24시간
35,CU,논현역드림점,강남구,"강남구 강남대로 570, (논현동)",201852.6581,545929.8734,24시간
36,CU,타워팰리스점,강남구,"강남구 언주로30길 56, 상가시설내 104(도곡동, 타워팰리스)",204782.9399,543243.0574,24시간
37,CU,문정훼밀리점,송파구,송파구 중대로 60-6 (문정동),210227.8159,543539.163,24시간
38,CU,마천중앙점,송파구,송파구 마천로43길 32-1,213283.3106,544437.4958,24시간
39,CU,마천파크점,송파구,송파구 성내천로47길 23 경진빌딩 (마천동) 경진빌딩,213953.5996,543976.434,24시간
40,CU,성내시네마점,강동구,강동구 올림픽로62길 23 1층 CU,210972.6337,548568.8203,24시간
41,GS25,GS25건국점,광진구,서울 광진구 광나루로24길 14,206738.196,549572.9864,24시간
42,GS25,GS25월계성북역점,노원구,노원구 석계로 103(월계1동 410-7),205360.2967,558143.6053,24시간
43,GS25,GS25홍은중앙로점,서대문구,"서대문구 홍은중앙로 115, 1층 (홍은동 9-307)",195475.0483,555685.3507,24시간
44,GS25,GS25목동대일점,양천구,"양천구 목동중앙남로11길 26, 1층 (목3동 719-27)",188026.4925,548882.5482,24시간
45,GS25,GS25발산행복점,강서구,"강서구 강서로50길 16, 1층 (내발산동 665)",185698.4148,550638.0379,24시간
46,GS25,GS25발산사랑점,강서구,"강서구 우장산로2길 21, 1층 (내발산동 670-50)",185655.7416,550488.1017,24시간
47,GS25,GS25염창행복점,강서구,"강서구 공항대로81길 35, 1층 103호 (염창동 262, 염창투웨니퍼스트)",189040.6766,549923.373,24시간
48,GS25,GS25강서퍼스트점,강서구,"강서구 마곡중앙2로 35, 상가 105호, 106호 (마곡동 800-15)",185034.403,550953.6765,24시간
49,GS25,GS25고척사랑점,구로구,"구로구 경인로47다길 8, 1층 101호 (고척1동 46-21)",187988.022,544890.9148,24시간
50,GS25,GS25당산스타점,영등포구,"영등포구 영신로 219, 106호(당산동4가 1-2, 코오롱스타폴리스)",191412.0202,547548.363,24시간
51,GS25,GS25대림그랜드점,영등포구,"영등포구 대림로 198, 101호 (대림동 689-1, 대경빌딩)",191035.8175,544342.7591,24시간
52,GS25,GS25더관악점,관악구,"관악구 남부순환로 1599-3, 1층 (신림동 1433-51)",193654.9826,542788.0277,24시간
53,GS25,GS25개포럭키점,강남구,강남구 개포로20길 12(개포4동 1232),204180.3267,542056.3242,24시간
54,GS25,GS25도곡신호점,강남구,"강남구 도곡로 184, 1층 101호 (도곡1동 544, 신호빌딩)",203514.1747,543584.6106,24시간
55,GS25,GS25DXLAB점,강남구,"강남구 테헤란로 223, 1층 101호 (역삼동 677-25, 큰길타워빌딩)",203595.7803,544773.2386,24시간
56,GS25,GS25역삼홍인점,강남구,"강남구 봉은사로30길 43, 지하1층 (역삼동 666-15)",203204.3899,545032.3613,24시간
57,GS25,GS25파르나스타워점,강남구,"강남구 테헤란로 521, 1층 (T1) (삼성동 159-8)",205360.1586,545524.1034,24시간
58,GS25,GS25강남동원점,강남구,"강남구 테헤란로77길 7(삼성2동 143-28, 동원빌딩)",204818.3737,545274.2368,24시간
59,신한은행,압구정갤러리아,강남구,서울 강남구 압구정로 344(신사동),203522.4806,547579.3531,09~16시
60,신한은행,신한은행(신사동),강남구,서울특별시 강남구 강남대로 606,201781.1297,546261.2633,09~16시
61,신한은행,압구정역,강남구,서울특별시 강남구 압구정로 152,202307.6796,547346.5158,09~16시
62,신한은행,압구정중앙,강남구,서울특별시 강남구 압구정로 220,202787.9879,547647.2896,09~16시
63,신한은행,학동,강남구,서울특별시 강남구 도산대로 221,202731.7744,546839.3463,09~16시
64,신한은행,영동,강남구,"서울특별시 강남구 언주로 709,(송암빌딩)",203087.3699,546368.3408,09~16시
65,신한은행,도산대로,강남구,서울특별시 강남구 도산대로 318,203261.5162,546928.9379,09~16시
66,신한은행,청담동,강남구,서울 강남구 도산대로 506,204264.67,547162.0543,09~16시
67,신한은행,강남구청역,강남구,서울특별시 강남구 학동로 402,203694.377,546389.0566,09~16시
68,신한은행,무역센터금융센터,강남구,서울 강남구 영동대로 513(삼성동),205219.5381,545839.6432,09~16시
69,신한은행,삼성역,강남구,서울특별시 강남구 테헤란로 516,205312.0098,545328.5458,09~16시
70,신한은행,봉은사로,강남구,서울특별시 강남구 봉은사로 609,205436.0637,546142.3262,09~16시
71,신한은행,테헤란로금융센터,강남구,"서울특별시 강남구 테헤란로 429,(원방빌딩)",204769.0274,545220.6604,09~16시
72,신한은행,선릉,강남구,"서울특별시 강남구 테헤란로 329,(삼흥빌딩)",204217.0966,545008.2757,09~16시
73,신한은행,선릉중앙,강남구,"서울특별시 강남구 테헤란로 410,(금강타워)",204485.4962,545010.956,09~16시
74,신한은행,논현동,강남구,서울특별시 강남구 강남대로 468,202223.3785,544965.6559,09~16시
75,신한은행,강남중앙,강남구,서울특별시 강남구 테헤란로 146,203136.5381,544506.5864,09~16시
76,신한은행,GS타워,강남구,"서울특별시 강남구 논현로 508,(GS강남타워)",203313.7444,544726.955,09~16시
77,신한은행,대치동,강남구,서울특별시 강남구 삼성로 238,205429.9741,544351.7218,09~16시
78,신한은행,대치역,강남구,서울특별시 강남구 삼성로 150(대치동),206227.8983,543866.1045,09~16시
79,신한은행,일원역,강남구,"서울특별시 강남구 일원로 120,(극동,현대아파트단지상가)",207355.4502,542822.3542,09~16시
80,신한은행,삼성서울병원,강남구,서울 강남구 일원로 81,207665.1183,543233.6891,09~16시
81,신한은행,도곡,강남구,"서울특별시 강남구 역삼로 310,(한솔필리아)",204283.0128,544418.2544,09~16시
82,신한은행,개포동,강남구,"서울특별시 강남구 개포로 307,(우성아파트단지상가)",205039.3023,542714.4322,09~16시
83,신한은행,도곡역,강남구,서울특별시 강남구 남부순환로 2912,204963.4956,543475.2202,09~16시
84,신한은행,군인공제회관,강남구,"서울특별시 강남구 남부순환로 2806,(군인공제회관)",204681.3737,543297.1184,09~16시
85,신한은행,반포남금융센터,서초구,서울특별시 서초구 서초중앙로 238,201059.1644,544814.0869,09~16시
86,신한은행,반포중앙,서초구,서울 서초구 잠원로3길 40(잠원동),200322.2091,545420.2595,09~16시
87,신한은행,잠원동,서초구,"서울특별시 서초구 잠원로14길 29,(롯데복지센터빌딩)",201366.9462,546485.9926,09~16시
88,신한은행,반포서래,서초구,서울특별시 서초구 서래로 23,199830.403,544184.3817,09~16시
89,신한은행,반포래미안,서초구,"서울특별시 서초구 반포대로 287,(래미안퍼스티지중심상가)",200096.2327,544984.4788,09~16시
90,신한은행,서초중앙,서초구,서울특별시 서초구 효령로 285,201358.3776,542855.6822,09~16시
91,신한은행,서초동,서초구,서울특별시 서초구 반포대로 101,200756.3438,543318.2587,09~16시
92,신한은행,교대역,서초구,서울특별시 서초구 서초대로 314,201421.6994,543826.3404,09~16시
93,신한은행,강남역금융센터,서초구,서울특별시 서초구 서초대로 398,202219.9757,544131.0656,09~16시
94,신한은행,역삼동,강남구,"서울특별시 강남구 강남대로 314,(서우빌딩)",202804.4493,543542.7265,09~16시
95,신한은행,강남대로,서초구,서울 서초구 강남대로 327(대륭서초타워),202634.9902,543623.7515,09~16시
96,신한은행,양재역금융센터,강남구,"서울특별시 강남구 강남대로 240,(SK허브프리모)",203041.1507,542870.5543,09~16시
97,신한은행,양재동,서초구,"서울특별시 서초구 논현로 87,(삼호물산빌딩)",203910.8478,542014.7952,09~16시
98,신한은행,현대모터타운,서초구,"서울특별시 서초구 헌릉로 12,(현대기아자동차빌딩)",203719.442,540473.1942,09~16시
99,신한은행,방배,서초구,서울특별시 서초구 방배로 148,199494.9423,543084.1502,09~16시
100,신한은행,이수역,서초구,서울특별시 서초구 서초대로 6,198495.765,542861.1572,09~16시
101,신한은행,사당,동작구,서울특별시 동작구 동작대로 35,198351.0384,542242.1988,09~16시
102,신한은행,동부법원,송파구,서울 송파구 법원로 101(문정동),210624.6977,542762.2248,09~16시
103,신한은행,남부법원,양천구,서울특별시 양천구 신월로 386,187943.0028,546915.172,09~16시
104,신한은행,법조타운,서초구,"서울특별시 서초구 법원로 15,(정곡빌딩)",200884.3619,543856.0814,09~16시
105,신한은행,서부법원,마포구,"서울특별시 마포구 마포대로 174,(서울서부지원)",196075.4108,549956.1212,09~16시
106,신한은행,상봉역금융센터,중랑구,서울특별시 중랑구 면목로 460,207648.9675,554834.0609,09~16시
107,신한은행,장한평역금융센터,동대문구,서울특별시 동대문구 천호대로 425,205872.6655,551367.0044,09~16시
108,신한은행,답십리,동대문구,서울특별시 동대문구 전농로 22,205012.6942,551909.7115,09~16시
109,신한은행,장안동,동대문구,"서울 동대문구 장한로 119(장안동,장안삼성쉐르빌)",206195.2262,552435.1573,09~16시
110,신한은행,사가정역,중랑구,서울특별시 중랑구 면목로 342,207842.7787,553653.3134,09~16시
111,신한은행,중화역,중랑구,서울특별시 중랑구 동일로 796,207062.9697,555770.8838,09~16시
112,신한은행,뚝섬역금융센터,성동구,서울 성동구 아차산로 33,204270.8045,549745.315,09~16시
113,신한은행,행당동,성동구,서울특별시 성동구 고산자로 202,203040.1022,550969.2967,09~16시
114,신한은행,성수동,성동구,서울특별시 성동구 아차산로7길 21,204842.4177,549737.2423,09~16시
115,신한은행,성동,중구,서울특별시 중구 왕십리로 407,202221.469,551690.46,09~16시
116,신한은행,한양대학교,성동구,"서울특별시 성동구 마조로 22-2,(한양대학교 동문회관)",203652.6822,551107.8194,09~16시
117,신한은행,스타시티금융센터,광진구,"서울특별시 광진구 아차산로 272,(스타시티)",206468.9121,548770.0193,09~16시
118,신한은행,군자역,광진구,서울특별시 광진구 천호대로 553,207061.5911,550879.2088,09~16시
119,신한은행,테크노마트,광진구,"서울특별시 광진구 광나루로56길 85,(테크노마트)",208461.8796,548465.4024,09~16시
120,신한은행,자양동,광진구,서울특별시 광진구 자양로 95,207353.2915,548529.0977,09~16시
121,신한은행,광장동,광진구,서울특별시 광진구 아차산로 506,208636.6439,549113.4808,09~16시
122,신한은행,건국대학교,광진구,"서울특별시 광진구 능동로 120,(건국대학교)",206909.9041,549325.6964,09~16시
123,신한은행,잠실금융센터,송파구,"서울특별시 송파구 올림픽로 319,(새마을교통회관)",209335.8723,546244.2107,09~16시
124,신한은행,서잠실,송파구,"서울특별시 송파구 올림픽로 106,(상록빌딩)",207299.5618,545769.6603,09~16시
125,신한은행,잠실나루역,송파구,"서울특별시 송파구 올림픽로 435,(파크리오아파트)",209303.2788,546634.6913,09~16시
126,신한은행,잠실롯데캐슬,송파구,"서울특별시 송파구 올림픽로 269,(롯데캐슬프라자)",208891.4846,546113.4424,09~16시
127,신한은행,갤러리아팰리스,송파구,"서울특별시 송파구 올림픽로 212,(갤러리아팰리스단지상가)",208271.3582,545772.4996,09~16시
128,신한은행,가락동금융센터,송파구,서울 송파구 송파대로 268(가락동),210465.6941,543813.7767,09~16시
129,신한은행,잠실남,송파구,"서울특별시 송파구 석촌호수로 133,(레이크팰리스단지상가)",208115.5197,545357.3662,09~16시
130,신한은행,오금동,송파구,"서울특별시 송파구 오금로35길 17,(현대아파트)",211114.3701,544956.205,09~16시
131,신한은행,송파,송파구,서울특별시 송파구 송파대로 345(가락동),209063.4205,544243.5596,09~16시
132,신한은행,강동금융센터,강동구,"서울특별시 강동구 올림픽로 674,(로석빌딩)",211028.9484,549113.3862,09~16시
133,신한은행,길동,강동구,서울특별시 강동구 양재대로 1464,212354.7354,548566.5922,09~16시
134,신한은행,풍납동,송파구,서울특별시 송파구 토성로 58,210259.9648,547731.3778,09~16시
135,신한은행,둔촌동,강동구,서울특별시 강동구 양재대로 1315,211871.1697,547158.2722,09~16시
136,신한은행,고덕동,강동구,서울 강동구 고덕로 353(고덕동),214551.0539,550869.3666,09~16시
137,신한은행,명일역,강동구,서울특별시 강동구 구천면로 427,212912.1684,550120.9742,09~16시
138,신한은행,굽은다리역,강동구,서울 강동구 양재대로 1568(명일동),212655.524,549551.8511,09~16시
139,신한은행,문정역금융센터,송파구,서울 송파구 송파대로 167,210689.8021,542809.2063,09~16시
140,신한은행,올림픽선수촌,송파구,"서울 송파구 양재대로 1222(방이동/중심상가,A상가)",211624.2856,546263.2159,09~16시
141,신한은행,개롱역,송파구,"서울특별시 송파구 오금로 396,(에스케이허브파크)",211869.1439,544285.5481,09~16시
142,신한은행,신내동,중랑구,"서울특별시 중랑구 봉화산로 194,(신아타운)",208359.9585,556321.8414,09~16시
143,신한은행,한남동금융센터,용산구,"서울특별시 용산구 한남대로 59,(남한빌딩)",200592.2813,548278.4495,09~16시
144,신한은행,용산전자,용산구,서울특별시 용산구 원효로 153,196458.2264,548385.7879,09~16시
145,신한은행,이태원,용산구,"서울특별시 용산구 이태원로 179,(헤밀톤호텔)",199484.489,548358.2986,09~16시
146,신한은행,동부이촌동,용산구,서울특별시 용산구 이촌로 293,198180.6464,546555.442,09~16시
147,신한은행,용산,용산구,서울 용산구 한강대로 95,197050.2568,547706.5179,09~16시
148,신한은행,공덕금융센터,마포구,"서울 마포구 백범로 192,(S-OIL본사 사옥2층)",195723.1719,549303.9577,09~16시
149,신한은행,마포,마포구,"서울특별시 마포구 마포대로 136,(지방재정공제회관)",195869.4692,549653.0493,09~16시
150,신한은행,대흥역,마포구,서울특별시 마포구 백범로 88,194796.0938,549827.1735,09~16시
151,신한은행,마포중앙,마포구,"서울특별시 마포구 마포대로 68,(마포아크로타워,신한은행마포중앙)",195483.7294,549093.8179,09~16시
152,신한은행,숙명여자대학교,용산구,서울특별시 용산구 청파로47가길 6,197058.3769,549458.1226,09~16시
153,신한은행,광화문,중구,서울특별시 중구 세종대로 135-5,197919.8735,552119.5001,09~16시
154,신한은행,효자동,종로구,서울특별시 종로구 자하문로 61,197404.003,553531.4315,09~16시
155,신한은행,경희궁,종로구,"서울특별시 종로구 새문안로3길 23,(경희궁의아침4단지4단지교보문고사옥)",197565.4336,552565.6039,09~16시
156,신한은행,상암동금융센터,마포구,"서울특별시 마포구 월드컵북로 361,(DMC이안상암2단지)",190407.4423,553067.5176,09~16시
157,신한은행,서교동,마포구,서울특별시 마포구 양화로 111,192852.3754,550477.5116,09~16시
158,신한은행,합정역,마포구,서울 마포구 월드컵로3길 14(합정동),192254.2293,550172.0852,09~16시
159,신한은행,홍익대학교,마포구,서울 마포구 와우산로 94(상수동),193347.9328,550004.572,09~16시
160,신한은행,구파발역금융센터,은평구,서울 은평구 진관2로 15-8,192900.5929,559535.8784,09~16시
161,신한은행,남가좌동,서대문구,서울 서대문구 수색로 56,192247.6375,552378.0551,09~16시
162,신한은행,연신내,은평구,서울특별시 은평구 통일로 845,193030.3044,557666.5743,09~16시
163,신한은행,응암동,은평구,"서울특별시 은평구 은평로 136,(은경빌딩)",193204.1382,555636.2738,09~16시
164,신한은행,불광동,은평구,서울 은평구 통일로 730,193828.6286,556808.7773,09~16시
165,신한은행,충정로금융센터,서대문구,"서울특별시 서대문구 충정로 8,(종근당빌딩)",196748.7447,551127.8563,09~16시
166,신한은행,서대문역,서대문구,서울특별시 서대문구 충정로 77,196994.6885,551779.0798,09~16시
167,신한은행,이대역,서대문구,서울특별시 서대문구 신촌로 183,195255.7992,550838.8207,09~16시
168,신한은행,신촌,마포구,서울특별시 마포구 신촌로 94,194345.1094,550609.8432,09~16시
169,신한은행,홍제동,서대문구,"서울특별시 서대문구 통일로 433,(조이빌딩)",195149.4731,554225.8976,09~16시
170,신한은행,이화여자대학교,서대문구,"서울특별시 서대문구 이화여대길 52,(ECC관)",195369.3487,551544.7352,09~16시
171,신한은행,역촌동,은평구,"서울특별시 은평구 연서로 73,(금현빌딩)",192502.6419,556227.6442,09~16시
172,신한은행,보라매역금융센터,동작구,서울특별시 동작구 상도로 1,192992.2735,544533.4676,09~16시
173,신한은행,서울대역센터,관악구,서울특별시 관악구 남부순환로 1778,195356.3178,542455.3554,09~16시
174,신한은행,상도역,동작구,서울특별시 동작구 상도로 241,195187.7956,545097.7554,09~16시
175,신한은행,노량진역,동작구,"서울특별시 동작구 만양로 105,(한교고시학원)",195048.9553,545939.4373,09~16시
176,신한은행,보라매,동작구,"서울특별시 동작구 보라매로5가길 24,(보라매나산스위트)",193271.214,543443.3861,09~16시
177,신한은행,서울대학교,관악구,"서울특별시 관악구 관악로 1,(서울대학교 학생회관)",195637.1066,539970.4687,09~16시
178,신한은행,독산동금융센터,금천구,서울특별시 금천구 시흥대로 446,191046.8267,541543.224,09~16시
179,신한은행,구로디지털금융센터,구로구,"서울특별시 구로구 디지털로 272,(한신아이티타워ITTOWER)",190663.1396,542568.0145,09~16시
180,신한은행,대림동,영등포구,서울특별시 영등포구 시흥대로 617,191584.8237,543137.5748,09~16시
181,신한은행,시흥동,금천구,서울특별시 금천구 시흥대로 230,191262.6322,539450.8513,09~16시
182,신한은행,구로역금융센터,구로구,서울 구로구 경인로 557(구로동),189302.4295,544856.9496,09~16시
183,신한은행,개봉동,구로구,서울특별시 구로구 경인로 323,187280.9506,544252.9488,09~16시
184,신한은행,중앙유통단지,구로구,"서울특별시 구로구 경인로53길 15,(중앙유통단지업무)",189045.8968,544736.8839,09~16시
185,신한은행,디지털중앙,금천구,"서울특별시 금천구 가산디지털1로 186,(제이플라츠)",189527.6018,542503.5305,09~16시
186,신한은행,여의도중앙,영등포구,"서울특별시 영등포구 여의나루로 57,(신송센터빌딩)",193424.4641,547064.63,09~16시
187,신한은행,여의도,영등포구,"서울특별시 영등포구 국제금융로8길 25,(주택건설회관빌딩)",193677.327,546762.6688,09~16시
188,신한은행,KBS,영등포구,서울특별시 영등포구 여의공원로 13,192546.5237,547429.0257,09~16시
189,신한은행,서여의도,영등포구,"서울특별시 영등포구 국회대로70길 19,(대하빌딩)",193003.1227,547749.4155,09~16시
190,신한은행,당산역금융센터,영등포구,서울 영등포구 당산로41길 11,190992.7284,547930.9838,09~16시
191,신한은행,영등포,영등포구,서울특별시 영등포구 영중로 27,191604.9515,546591.8246,09~16시
192,신한은행,당산동,영등포구,서울특별시 영등포구 영등포로 109,190622.9181,546994.4781,09~16시
193,신한은행,선유도역,영등포구,서울특별시 영등포구 양평로 99,190815.4696,548558.7619,09~16시
194,신한은행,목동현대금융센터,양천구,서울특별시 양천구 목동동로 293,189017.6408,547637.9529,09~16시
195,신한은행,신월동,양천구,서울특별시 양천구 신월로 163,185986.2558,546529.5212,09~16시
196,신한은행,목동역,양천구,서울특별시 양천구 목동로 212목동7단지아파트 A상가 1층,188375.8032,547600.5294,09~16시
197,신한은행,목동중앙,양천구,"서울특별시 양천구 목동동로 411,(부영그린타워3차)",189589.8143,548586.6358,09~16시
198,신한은행,목동,양천구,"서울특별시 양천구 목동서로 349(신정동,센트럴프라자 2층)",188092.547,546444.5323,09~16시
199,신한은행,화곡역,강서구,"서울특별시 강서구 강서로 173,(터보빌딩)",185826.7546,549169.2204,09~16시
200,신한은행,등촌역,강서구,서울특별시 강서구 등촌로 229,187934.3478,550087.1509,09~16시
201,신한은행,가양역,강서구,서울특별시 강서구 화곡로 416,187222.1282,551175.6206,09~16시
202,신한은행,마곡역금융센터,강서구,서울 강서구 공항대로 195(마곡동),184903.3457,551168.6689,09~16시
203,신한은행,공항동,강서구,서울특별시 강서구 공항대로 17,183157.5092,551384.6045,09~16시
204,신한은행,양천향교역,강서구,서울 강서구 양천로 344,185888.3343,552098.5911,09~16시
205,신한은행,방화역,강서구,"서울특별시 강서구 금낭화로 135,(금강프라자)",183434.5175,553124.1558,09~16시
206,신한은행,김포공항,강서구,서울특별시 강서구 하늘길 177,183112.3008,550833.0582,09~16시
207,신한은행,이대서울병원,강서구,서울 강서구 공항대로 260(마곡동),185532.8348,550869.5859,09~16시
208,신한은행,난곡,관악구,서울특별시 관악구 난우길 2,192848.926,541531.4726,09~16시
209,신한은행,신림동,관악구,"서울특별시 관악구 신원로 26,(신림동부아파트단지상가)",193777.9477,542314.1548,09~16시
210,신한은행,오류동,구로구,서울특별시 구로구 경인로 212,186251.5864,544078.4646,09~16시
211,신한은행,대학로금융센터,종로구,서울특별시 종로구 대학로 146,200179.1838,553855.6651,09~16시
212,신한은행,보문동,성북구,서울특별시 성북구 보문로 121,201660.3283,554026.6955,09~16시
213,신한은행,길음동,성북구,서울특별시 성북구 동소문로 229,201962.5648,555902.9031,09~16시
214,신한은행,돈암동,성북구,서울 성북구 동소문로 89(동소문동6가),201342.423,554786.1797,09~16시
215,신한은행,서울대학교병원,종로구,"서울 종로구 대학로 101,서울대학교병원 대한외래 지하1층 (연건동)",199773.6702,553272.407,09~16시
216,신한은행,강북금융센터,강북구,서울특별시 강북구 도봉로 364,202459.0533,560000.1491,09~16시
217,신한은행,미아동,강북구,서울특별시 강북구 도봉로 151,202418.9238,558082.2034,09~16시
218,신한은행,방학동,도봉구,서울특별시 도봉구 방학로 136,203270.4781,562621.7788,09~16시
219,신한은행,쌍문역,도봉구,서울특별시 도봉구 도봉로 468,203027.7457,560853.4013,09~16시
220,신한은행,돌곶이역,성북구,서울특별시 성북구 화랑로 254,205086.8595,556806.2081,09~16시
221,신한은행,노원역,노원구,서울특별시 노원구 동일로 1404,205387.3609,561597.6323,09~16시
222,신한은행,마들역,노원구,서울특별시 노원구 동일로 1546,205089.6472,562984.6722,09~16시
223,신한은행,수락산역,노원구,서울특별시 노원구 동일로 1673,204846.7254,564250.1298,09~16시
224,신한은행,중계동,노원구,"서울특별시 노원구 한글비석로 254,(대명프라자)",206804.1578,561198.0641,09~16시
225,신한은행,태릉역,노원구,서울특별시 노원구 동일로 1018,206608.4434,557934.9888,09~16시
226,신한은행,영업부,중구,"서울특별시 중구 세종대로9길 20,(대경빌딩)",197753.4217,551288.0398,09~16시
227,신한은행,남대문,중구,서울 중구 소월로 3-0대한화재빌딩,197897.3647,551093.9339,09~16시
228,신한은행,명동,중구,서울특별시 중구 명동길 43,198653.5351,551610.2898,09~16시
229,신한은행,소공동,중구,"서울특별시 중구 세종대로18길 16,(우성빌딩)",198057.592,551557.2021,09~16시
230,신한은행,종로중앙,종로구,서울 종로구 돈화문로 26(묘동),199338.5905,552391.015,09~16시
231,신한은행,종각역,종로구,서울특별시 종로구 종로 33,198360.0025,552385.9908,09~16시
232,신한은행,종로,종로구,서울특별시 종로구 우정국로 48,198524.749,552645.3816,09~16시
233,신한은행,현대계동,종로구,"서울특별시 종로구 율곡로 75,(현대빌딩)",198897.5108,553135.567,09~16시
234,신한은행,연지동,종로구,"서울특별시 종로구 김상옥로 30,(기독교연합회관)",200081.3127,552595.2518,09~16시
235,신한은행,제기동역,동대문구,서울특별시 동대문구 왕산로 137,203420.7987,553224.9175,09~16시
236,신한은행,동대문,중구,서울특별시 중구 마장로 11,200984.029,552098.281,09~16시
237,신한은행,동대문종합시장,종로구,서울시 종로구 종로 272동대문종합시장 신관 2층,200715.0491,552365.0599,09~16시
238,신한은행,창신동,종로구,"서울특별시 종로구 지봉로 29,(금호팔레스빌딩)",201351.0115,552549.8259,09~16시
239,신한은행,을지로5가,중구,서울특별시 중구 을지로 213,200159.6061,551952.3293,09~16시
240,신한은행,충무로역,중구,서울특별시 중구 퇴계로 216,199629.0099,551315.5827,09~16시
241,신한은행,신당동,중구,서울특별시 중구 다산로 220,201368.1975,551457.7845,09~16시
242,신한은행,충무로,중구,"서울 중구 퇴계로 173(충무로3가,극동빌딩)",199209.9972,551365.8728,09~16시
243,신한은행,동국대학교,중구,"서울특별시 중구 필동로1길 30,(동국대학교)",200226.103,550868.7792,09~16시
244,신한은행,광교영업부,중구,서울 중구 청계천로 54,198530.7622,552094.1102,09~16시
245,신한은행,서울롯데,중구,"서울특별시 중구 을지로 30,(롯데호텔)",198323.9736,551756.2773,09~16시
246,신한은행,을지로,중구,서울특별시 중구 을지로 109,199124.892,551883.2605,09~16시
247,신한은행,파이낸스센터,중구,"서울특별시 중구 세종대로 136,(파이낸스빌딩)",198081.5044,552097.5721,09~16시
248,신한은행,서울시청금융센터,중구,서울 중구 세종대로 110(태평로1가),198087.0088,551907.333,09~16시
249,신한은행,구로구청,구로구,서울특별시 구로구 가마산로 245,190052.5434,544006.0943,09~16시
250,신한은행,강남구청,강남구,서울 강남구 학동로 426(삼성동),204189.2955,546427.7235,09~16시
251,신한은행,은평구청,은평구,서울특별시 은평구 은평로 195,193801.9622,555851.1396,09~16시
252,신한은행,성동구청,성동구,서울 성동구 고산자로 270(행당동),203260.8501,551544.4933,09~16시
253,신한은행,강북구청,강북구,서울 강북구 도봉로89길 13(수유동),202268.6928,560008.1369,09~16시
254,신한은행,서초구청,서초구,서울 서초구 남부순환로 2584(서초동),202882.8596,542684.0896,09~16시
255,신한은행,하계동,노원구,"서울특별시 노원구 섬밭로 209,(벽산아파트단지상가)",205796.3359,559485.51,09~16시
256,KT,친절텔레콤 신도림점,구로구,"서울 구로구 경인로 661 107호 (신도림동, 신도림1차푸르지오)",190096.4237,545582.3793,09~19시
257,KT,친절텔레콤 대림삼거리점,동작구,서울 동작구 시흥대로 658 102호 (신대방동),191870.5435,543439.6936,09~19시
258,KT,이루리_신정점,양천구,서울 양천구 중앙로 235 (신정동),187076.7962,546442.3114,09~19시
259,KT,이루리_구로점,구로구,"서울 구로구 가마산로 285 101호 (구로동, 비즈트위트레드)",190421.976,544187.6862,09~19시
260,KT,이루리 신월점 ,양천구,서울 양천구 지양로 77 (신월동),185255.1438,546994.5746,09~19시
261,KT,영웅앤제이 가양역점,강서구,서울 강서구 화곡로 402 1층 가양역 홈플러스옆 (등촌동),187132.1077,551077.1807,09~19시
262,KT,씨엔에프텔레콤 등촌점,강서구,서울 강서구 공항대로41길 65 그랜드종합 상가 1층 (등촌동),186399.7752,551255.4435,09~19시
263,KT,주식회사 케이비 등촌역점,양천구,"서울 양천구 목동중앙북로7길 13 1층 105호 KT매장 (목동, 남강빌딩)",188270.4319,549922.9086,09~19시
264,KT,케이비_염창역점,양천구,서울 양천구 목동중앙본로 123 101호 102호 (목동),188642.7166,549679.0506,09~19시
265,KT,와이씨 녹두미림점,관악구,"서울 관악구 대학길 16 1층 KT매장 (신림동, 녹두빌딩)",194506.6061,541180.5085,09~19시
266,KT,홍익텔레콤_신대방삼거리점,동작구,서울 동작구 상도로 82 101호 (대방동),193784.2753,544445.1226,09~19시
267,KT,홍익텔레콤_이수점,동작구,서울 동작구 동작대로 107 덕산건물 1층 (사당동),198392.5376,542960.3627,09~19시
268,KT,인성피플스_노량진역점,동작구,"서울 동작구 노량진로 150 1층 (노량진동, 삼영빌딩)",194924.4305,546003.0474,09~19시
269,KT,인성피플스_신림역점,관악구,서울 관악구 남부순환로 1604 1층 (신림동),193714.5831,542722.5202,09~19시
270,KT,다움 시흥사거리점,금천구,서울 금천구 시흥대로 236 와이즈플레이스 1동 101호 (시흥동),191240.5702,539512.774,09~19시
271,KT,한백이동통신 공항시장역점,강서구,서울 강서구 방화동로 35 (방화동),183273.0617,551628.9699,09~19시
272,KT,한백이동통신 본동시장점,강서구,서울 강서구 화곡로 206 김대근한의원 1층 3호 (화곡동),186183.1327,549372.5786,09~19시
273,KT,한백이동통신_송정역점,강서구,서울 강서구 공항대로 24 1층 송정역 4번출구 50 M (공항동),183209.1932,551310.5652,09~19시
274,KT,한백이동통신 발산파크점,강서구,서울 강서구 공항대로 261 (마곡동),185554.1884,551080.0724,09~19시
275,KT,한백이동통신 마곡점,강서구,"서울 강서구 공항대로 168 747 110 (마곡동, 타워)",184638.4262,551094.3045,09~19시
276,KT,솔트네트워크_오류동역점,구로구,서울 구로구 경인로20길 10 1층 KT매장 (오류동),186177.6112,543995.6125,09~19시
277,KT,솔트네트워크_개봉역프라자점,구로구,"서울 구로구 경인로40길 47 105-106호 (개봉동, 개봉역프라자)",187541.7874,543905.5016,09~19시
278,KT,솔트네트워크_화곡중앙점,강서구,서울 강서구 가로공원로76길 56 1층 KT (화곡동),185665.5657,548349.6907,09~19시
279,KT,화이트정보통신_파리공원점,양천구,"서울 양천구 목동서로 61 우리은행건물 1층 107호 (목동, 부영그린타운1차앞)",189350.1426,548548.2802,09~19시
280,KT,연세컴퍼니_목동사거리점,강서구,서울 강서구 등촌로 25 (화곡동),187938.4477,548085.4938,09~19시
281,KT,연세컴퍼니_문래역점,영등포구,"서울 영등포구 선유로 63 108호 문래역 (문래동6가, EEU동신타워)",190192.8226,546683.7594,09~19시
282,KT,연세컴퍼니_우장산역점,강서구,"서울 강서구 강서로45길 9 1층 우장산역 (화곡동, 경신빌딩)",185474.858,549815.0848,09~19시
283,KT,연세컴퍼니_신정네거리역점,양천구,서울 양천구 중앙로 263 (신정동),186983.831,546706.2646,09~19시
284,KT,연세컴퍼니_방화역점,강서구,"서울 강서구 금낭화로 135 1층 107호 108호 (방화동, 금강프라자빌딩)",183434.5175,553124.1558,09~19시
285,KT,연세컴퍼니_당산역점,영등포구,서울 영등포구 양평로 18 (당산동6가),191536.9674,548172.6069,09~19시
286,KT,화이트정보통신_가산역점,금천구,"서울 금천구 벚꽃로 298 1층 108호 KT (가산동, 대륭포스트타워6차)",189730.1316,542446.6031,09~19시
287,KT,화이트정보통신_사당점,동작구,서울 동작구 남부순환로 2061 KT매장 (사당동),198037.2358,541939.4878,09~19시
288,KT,화이트정보통신_구로시장점,구로구,서울 구로구 도림로 69 1층 코너매장 (구로동),190365.1497,543358.5964,09~19시
289,KT,(주)예스모바일_구로디지털단지역점,구로구,서울 구로구 시흥대로 577 (구로동),191356.8126,542776.237,09~19시
290,KT,(주)예스모바일_ 독산씨티렉스,금천구,서울 금천구 시흥대로 399 (독산동),190876.8768,541113.5794,09~19시
291,KT,(주)삼윈_까치산역점,강서구,서울 강서구 강서로16길 1 (화곡동),186432.7462,548143.9327,09~19시
292,KT,(주)삼윈_여의도점,영등포구,서울 영등포구 여의나루로 42 여의도종합 상가 117호 (여의도동),193371.8184,546878.0108,09~19시
293,KT,일등텔레콤 화곡역점,강서구,서울 강서구 화곡로 157 103호 일부 (화곡동),185780.9365,549130.9938,09~19시
294,KT,대명텔레콤 청담점,강남구,서울 강남구 선릉로 812 1층 2층 (청담동),203511.5558,547202.4599,09~19시
295,KT,가온텔레콤_교대역점,서초구,"서울 서초구 반포대로22길 104 1층 (서초동, 크라운빌딩)",201223.838,543530.3644,09~19시
296,KT,(주)만리장성_고속터미널역점,서초구,서울 서초구 신반포로 189 1층 (잠원동),200436.8796,545236.1222,09~19시
297,KT,300텔레콤_대치역점,강남구,서울 강남구 남부순환로 2927 대치클래시아 106호 (대치동),205339.284,543799.7518,09~19시
298,KT,올포원텔레콤_잠실새내역점,송파구,"서울 송파구 석촌호수로 64 1층 (잠실동, 잠실빌딩)",207568.4899,545681.7632,09~19시
299,KT,(주)투유텔레콤_명일역점,강동구,서울 강동구 양재대로 1624 1층 (명일동),212735.5144,550107.7942,09~19시
300,KT,대박통신_암사역점,강동구,"서울 강동구 올림픽로 780 1층 (암사동, 예지빌딩)",211309.4325,550128.9609,09~19시
301,KT,모바일세상_개롱역점,송파구,"서울 송파구 오금로 404 1층 KT대리점 (가락동, 원일빌딩)",211947.6953,544249.0444,09~19시
302,KT,더킹컴퍼니_강일리버파크점,강동구,"서울 강동구 아리수로93길 9 106, 107호 (강일동, 골드프라자)",215406.0371,551760.1702,09~19시
303,KT,300텔레콤_상일역점,강동구,"서울 강동구 고덕로 385 4상가 (고덕동, 고덕그라시움)",214881.8981,550884.4017,09~19시
304,KT,L&C 컴퍼니_광장점,광진구,"서울 광진구 아차산로 537-17 11호 (광장동, 광장힐스테이트)",208857.088,549299.0534,09~19시
305,KT,(주)세븐업_신내점,중랑구,서울 중랑구 신내로 71 (신내동),208397.8163,556220.4078,09~19시
306,KT,(주)세븐업 망우점,중랑구,"서울 중랑구 망우로 346 110호 (상봉동, 한일써너스빌)",208023.4882,555310.7373,09~19시
307,KT,(주)세븐업 면목역점,중랑구,서울 중랑구 겸재로 180 안민병원 1층 (면목동),207766.7317,554297.4094,09~19시
308,KT,(주)세븐업 우림시장점,중랑구,"서울 중랑구 망우로 410 1층 (망우동, 삼부빌딩)",208618.5375,555492.7592,09~19시
309,KT,디액션(구리) 동부시장점,중랑구,서울 중랑구 망우로 212 (상봉동),206730.0426,554909.6889,09~19시
310,KT,디액션(구리) 사가정6호점,중랑구,서울 중랑구 면목로 306 1층 KT (면목동),207749.6297,553321.5799,09~19시
311,KT,(주)단결_사가정역점,중랑구,서울 중랑구 면목로 337 1층 KT매장 (면목동),207818.2439,553615.5227,09~19시
312,KT,(주)애니킹_석계역점,노원구,서울 노원구 화랑로 353 푸른치과의원건물 1층 (월계동),205916.9122,557323.2338,09~19시
313,KT,(주)피앤월드 미아사거리점,강북구,서울 강북구 숭인로 75 1층 KT (미아동),202639.4901,556981.7189,09~19시
314,KT,(주)피앤월드 쌍문1호점,도봉구,"서울 도봉구 해등로 190 제116 117호 (쌍문동, 신원프라자)",203177.6009,562096.6285,09~19시
315,KT,(주)피앤월드 노원역점,노원구,"서울 노원구 노해로 495 1층 KT (상계동, 삼성빌딩)",205567.9931,561723.2531,09~19시
316,KT,(주)피앤월드 쌍문역점,도봉구,서울 도봉구 도봉로 476 쉐르빌퍼스티 1층 104호 KT (창동),203067.8179,560917.3089,09~19시
317,KT,(주)피앤월드 중화역점,중랑구,서울 중랑구 동일로 795 1층 KT대리점 (중화동),206987.635,555761.9084,09~19시
318,KT,(주)피앤월드 수유역점,강북구,"서울 강북구 도봉로 334 1층 (번동, 영광빌딩)",202254.3789,559770.8977,09~19시
319,KT,(주)피앤월드 쌍문2호점,도봉구,서울 도봉구 해등로 198 1층 KT (쌍문동),203080.4676,562080.2673,09~19시
320,KT,(주)피앤월드 노원2호점,노원구,서울 노원구 상계로 69 1층 KT (상계동),205530.0312,561869.26,09~19시
321,KT,아너스컨설팅_노원역점,노원구,"서울 노원구 노해로83길 21 1층 103호 (상계동, 화용빌딩)",205650.0565,561842.8993,09~19시
322,KT,(주)영진랜드 수유역점,강북구,서울 강북구 도봉로89길 1 1층 (수유동),202303.6956,559921.5361,09~19시
323,KT,(주)지오컴퍼니 수유시장점,강북구,서울 강북구 도봉로 251 (수유동),202118.5503,559033.6216,09~19시
324,KT,(주)지오컴퍼니 수락산역점,노원구,서울 노원구 동일로 1673 (상계동),204846.7254,564250.1298,09~19시
325,KT,(주)지오컴퍼니 광운대역점,노원구,서울 노원구 광운로 66 1층 101 (월계동),205324.4501,558171.3065,09~19시
326,KT,(주)지오컴퍼니 마들역점,노원구,서울 노원구 동일로 1538 상계12단지종합 상가 105호 (상계동),205104.145,562956.4109,09~19시
327,KT,(주)지오컴퍼니 미아사거리역점,강북구,"서울 강북구 도봉로 53 1층 KT (미아동, 금성빌딩)",202613.8647,557136.9343,09~19시
328,KT,(주)지오컴퍼니 쌍문역점,도봉구,서울 도봉구 도봉로 475-1 (쌍문동),203012.2612,560964.8314,09~19시
329,KT,(주)지오컴퍼니 솔샘점,강북구,"서울 강북구 솔샘로 233 1층 KT매장 (미아동, 동북프라자)",201686.2473,557869.3798,09~19시
330,KT,(주)지오컴퍼니 석계역점,노원구,서울 노원구 화랑로 335 1층 102호 (월계동),205737.4591,557280.7909,09~19시
331,KT,(주)지오컴퍼니 방학점,도봉구,서울 도봉구 도봉로153길 29 (방학동),203684.191,563359.8704,09~19시
332,KT,XCIX 은행사거리본점,노원구,"서울 노원구 한글비석로 245 1층 (중계동, 두타빌)",206738.787,561073.5417,09~19시
333,KT,혜성아이앤씨 공릉점,노원구,서울 노원구 공릉로 192 (공릉동),206983.4872,558608.5381,09~19시
334,KT,진서정보통신_방학도깨비시장점,도봉구,서울 도봉구 도당로13길 9 (방학동),203139.3875,562833.1413,09~19시
335,KT,디액션_노원역점,노원구,"서울 노원구 동일로 1401 103호 (상계동, 상아빌딩)",205329.2986,561548.6744,09~19시
336,KT,디액션_신창시장점,도봉구,서울 도봉구 덕릉로 239 1층 1호 (창동),203376.264,559949.9286,09~19시
337,KT,(주)에이치커넥션 미아역1호점,강북구,"서울 강북구 도봉로 187 101호 KT (미아동, 태근빌딩)",202315.211,558424.4579,09~19시
338,KT,(주)에이치커넥션 미아역점,강북구,서울 강북구 도봉로 178 1층 KT (미아동),202397.3044,558346.8017,09~19시
339,KT,(주)에이치커넥션 창동역점,도봉구,"서울 도봉구 마들로11길 71 1층 103호 104호 (창동, 신한빌딩)",204353.0365,561523.7755,09~19시
340,KT,(주)에이치커넥션 창동본점,도봉구,서울 도봉구 노해로63길 84 (창동),204110.1098,561460.356,09~19시
341,KT,(주)에이치커넥션 먹골역점,중랑구,서울 중랑구 공릉로2길 8-4 칼튼테라스 105호 (묵동),206907.8971,556916.2416,09~19시
342,KT,(주)에이치커넥션 방학역점,도봉구,서울 도봉구 도봉로 689 (방학동),203761.3188,562928.971,09~19시
343,KT,(주)세븐업_경기북부_노원역점,노원구,"서울 노원구 노해로 488 102호 KT 매장 (상계동, 일서빌딩)",205486.0028,561635.4174,09~19시
344,KT,(주)세븐업_경기북부_공릉역점,노원구,"서울 노원구 동일로 1077 1층 (공릉동, 스테이션빌딩)",206394.5332,558496.8383,09~19시
345,KT,(주)세븐업_경기북부_수유역점,강북구,서울 강북구 도봉로 339 1층 (수유동),202249.755,559848.9721,09~19시
346,KT,도다텔_은평뉴타운점,은평구,"서울 은평구 진관3로 21 101동 116호 (진관동, 은평뉴타운엘크루)",192851.4983,560001.8733,09~19시
347,KT,하이팀_구산역점,은평구,"서울 은평구 서오릉로 139 1층 KT (역촌동, 주영빌딩)",192715.0534,556809.8723,09~19시
348,KT,하이팀_홍대센트럴점,마포구,서울 마포구 홍익로 25 KT매장 (서교동),193106.373,550544.1142,09~19시
349,KT,하이팀_연신내센트럴점,은평구,서울 은평구 통일로 855-13 1층 KT (갈현동),192927.0879,557735.2963,09~19시
350,KT,하이팀_역촌역점,은평구,서울 은평구 진흥로 105 1층 KT (역촌동),193160.2725,556305.1797,09~19시
351,KT,하이팀_응암시장점,은평구,서울 은평구 응암로 247 1층 KT대리점 (응암동),192745.1876,554961.8555,09~19시
352,KT,하이팀_범서점,은평구,"서울 은평구 통일로 842 1층 (불광동, 범서빌딩)",193119.0048,557680.9306,09~19시
353,KT,하이팀_망원시장점,마포구,서울 마포구 망원로 81 (망원동),191679.0842,550909.2459,09~19시
354,KT,하이팀_연신내스퀘어점,은평구,서울 은평구 연서로 216 아트캐슬주상복합 1층 106호 KT (대조동),192947.4113,557581.657,09~19시
355,KT,하이팀_응암역점,은평구,"서울 은평구 은평로 82 126 1층 127호 (응암동, 해태드림타운)",192665.2826,555504.2576,09~19시
356,KT,엠에이치플러스_연신내점,은평구,서울 은평구 연서로 278 상가 (불광동),193413.0296,557908.46,09~19시
357,KT,(주)에스비트_녹번역점,은평구,"서울 은평구 은평로 240 상가 1층 318호 KT (응암동, 힐스테이트녹번역)",194229.3209,555674.1977,09~19시
358,KT,HJY연신내역점,은평구,서울 은평구 연서로 228 상가주택 1층 (대조동),192997.494,557658.9602,09~19시
359,KT,HJY합정역3호점,마포구,"서울 마포구 양화로 45 B동 418호 (서교동, 메세나폴리스)",192418.2895,550141.4312,09~19시
360,KT,HJY홍제역2호점,서대문구,서울 서대문구 통일로 450 홍제역 12번 출구 사이 상가주택 (홍제동),195079.6507,554380.7741,09~19시
361,KT,HJY연신내역2호점 ,은평구,서울 은평구 연서로 217 1층 KT매장 (갈현동),192904.015,557615.9592,09~19시
362,KT,HJY홍제역점,서대문구,서울 서대문구 통일로 435-2 1층 (홍제동),195135.2193,554255.5524,09~19시
363,KT,HJY합정역2호점,마포구,서울 마포구 양화로 52 (서교동),192459.4616,550021.1119,09~19시
364,KT,HJY불광역점,은평구,서울 은평구 통일로 736 1층 불광역 8번출구 (불광동),193784.8018,556859.2482,09~19시
365,KT,HJY서대문역점,서대문구,서울 서대문구 통일로 137 1층 (냉천동),196947.5281,551907.3818,09~19시
366,KT,HJY불광역2호점,은평구,서울 은평구 통일로 747 (대조동),193669.0889,556916.2512,09~19시
367,KT,HJY이대역점,서대문구,서울 서대문구 이화여대길 33 1층 KT (대현동),195195.5402,550992.0326,09~19시
368,KT,(주)엠텔레콤_녹번점,은평구,"서울 은평구 진흥로 188 1층 KT (녹번동, 상일빌라)",193853.6327,556523.9087,09~19시
369,KT,(주)브로_신촌연세로점,서대문구,서울 서대문구 연세로 20 1층 KT매장 (창천동),194439.5417,550885.4979,09~19시
370,KT,햇빛모바일_신촌현대점 ,마포구,"서울 마포구 신촌로 90 1층 KT (노고산동, 원준빌딩)",194304.2189,550645.0042,09~19시
371,KT,햇빛모바일_불광역점,은평구,서울 은평구 불광로 27 1층 KT (대조동),193714.7531,556800.8736,09~19시
372,KT,모아폰_상암푸르지오시티점,마포구,"서울 마포구 월드컵북로54길 25 1층 106호 (상암동, 푸르지오센터)",190192.7481,553618.9257,09~19시
373,KT,(주)DRC 동묘역점,종로구,서울 종로구 종로 336 (창신동),201330.6977,552547.6296,09~19시
374,KT,(주)DRC 종로5가점,종로구,서울 종로구 종로 213 상가 1층 (종로5가),200120.9412,552407.1085,09~19시
375,KT,(주)거인통신_길음뉴타운점,성북구,"서울 성북구 길음로 33 상가 B동 지층 1호 올레매장 1층 (길음동, 길음뉴타운)",201687.0602,556521.0204,09~19시
376,KT,(주)거인통신_길음역점,성북구,"서울 성북구 길음로 11 128호 상가 (길음동, 길음역롯데캐슬트윈골드)",202069.6005,556023.349,09~19시
377,KT,(주)유엔아이_명동점,중구,"서울 중구 남대문로 66-1 1층 1호 (명동2가, 명덕빌딩)",198425.9026,551498.4005,09~19시
378,KT,(주)유엔아이_종각점,종로구,서울 종로구 종로 72 (종로2가),198709.1235,552267.7623,09~19시
379,KT,코어링크 혜화글로벌점,종로구,서울 종로구 대명길 46 (명륜2가),199914.3866,553714.9945,09~19시
380,KT,헤븐텔레콤_안암오거리점,동대문구,서울 동대문구 약령시로 2-1 (제기동),202660.1644,553647.4469,09~19시
381,KT,㈜공일공정보 보문점,성북구,서울 성북구 보문로 115 1층 (보문동2가),201687.5545,553982.54,09~19시
382,KT,(주)일등통신_마포역점,마포구,"서울 마포구 마포대로 53 113호 (도화동, 마포트라팰리스)",195320.8816,549103.8598,09~19시
383,KT,새암 성신여대역점,성북구,서울 성북구 아리랑로 16 (동선동4가),201458.3193,554960.8582,09~19시
384,KT,(주)브로_광화문 적선점,종로구,"서울 종로구 자하문로2길 4 1층 KT 올레 매장 (적선동, 경복빌딩)",197601.1266,552980.3071,09~19시
385,KT,언슈머 서울시청역점,중구,서울 중구 무교로 14 (무교동),198178.0727,551956.2723,09~19시
386,KT,올웨이_중곡점,광진구,"서울 광진구 천호대로 655 (중곡동, 덕수빌딩)",207928.1948,550345.3519,09~19시
387,KT,올웨이_아차산점,광진구,서울 광진구 용마산로 60 1층 KT (중곡동),207766.4594,551047.1004,09~19시
388,KT,올웨이_광나루역점,광진구,"서울 광진구 천호대로 808 (광장동, 광장12차현대홈타운)",209085.3272,549511.9618,09~19시
389,KT,올웨이_한양대점,성동구,서울 성동구 마조로 30 한양대병원후문 1층 KT (행당동),203664.4813,551205.6187,09~19시
390,KT,올웨이_중곡2호점,광진구,서울 광진구 면목로 173 1층 KT (중곡동),207296.0624,552121.4671,09~19시
391,KT,올웨이_상왕십리점,성동구,"서울 성동구 왕십리로 410 L동 B1층 107호 (하왕십리동, 센트라스)",202233.5005,551763.4943,09~19시
392,KT,올웨이_군자점,광진구,서울 광진구 천호대로111길 10 (중곡동),207270.4957,550810.7188,09~19시
393,KT,(주)일등통신_수유점,강북구,서울 강북구 도봉로 363 (수유동),202406.3535,560036.5954,09~19시
394,KT,(주)일등통신_성수점,성동구,서울 성동구 아차산로7길 2 태화약국 (성수동2가),204796.3376,549546.1109,09~19시
395,KT,(주)일등통신_행당점,성동구,서울 성동구 고산자로 207 무학산부인과 1층 KT (행당동),202980.3785,551020.4841,09~19시
396,KT,탑클래스 모바일_청량리점,동대문구,서울 동대문구 홍릉로 6-1 1층 KT (청량리동),203999.8109,553484.2849,09~19시
397,KT,탑클래스 모바일_구의역점,광진구,"서울 광진구 아차산로 380 (자양동, 세화빌딩)",207512.5544,548571.498,09~19시
398,KT,탑클래스 모바일 장한평역점,동대문구,"서울 동대문구 장한로 3 1층 KT매장 (장안동, 승원빌딩)",205705.4524,551402.6426,09~19시
399,KT,탑클래스 모바일_동대문역점,종로구,"서울 종로구 창신길 1 1층 (창신동, 영화빌딩)",200901.28,552476.5027,09~19시
400,KT,(주)거성크루_건대역점,광진구,서울 광진구 동일로20길 72 무궁화공예문화교실 (자양동),205966.2839,548969.7097,09~19시
401,KT,(주)거성크루_한남오거리점,용산구,"서울 용산구 대사관로 76 (한남동, 거북빌딩)",200574.846,548174.5813,09~19시
402,KT,(주)거성크루_경희대삼거리점,동대문구,서울 동대문구 경희대로 1 1층 (회기동),204601.7504,554688.3791,09~19시
403,KT,(주)거성크루_세종대점,광진구,서울 광진구 광나루로 366-1 (화양동),206231.3253,549814.7349,09~19시
404,KT,(주)거성크루_건대랜드마크점,광진구,서울 광진구 능동로 91 1층 (자양동),206190.022,548863.8912,09~19시
405,KT,(주)이지스컴_답십리점,동대문구,서울 동대문구 전농로 102 (답십리동),205108.6356,552710.6597,09~19시
406,KT,(주)리테일앤컴퍼니_전농점,동대문구,"서울 동대문구 사가정로 122 1층 102호 (전농동, 전농동하우스토리)",205169.0881,553074.1759,09~19시
407,KT,(주)리테일앤컴퍼니_신금호역점,성동구,"서울 성동구 금호로 150-1 1층 (금호동1가, 백상빌딩)",201807.6769,550547.3055,09~19시
408,KT,뉴미닝_경희대점,동대문구,서울 동대문구 경희대로 18 1층 KT (회기동),204670.2208,554822.2953,09~19시
409,KT,뉴미닝_신설동역점,동대문구,"서울 동대문구 한빛로 1 1층 101호 KT (신설동, 대학빌딩)",202103.9757,552968.0277,09~19시
410,KT,제이엠커뮤니케이션_답십리점,성동구,서울 성동구 용답중앙15길 12-1 (용답동),204758.8721,551654.9482,09~19시
411,KT,제이엠커뮤니케이션_금호역점,성동구,서울 성동구 장터길 9 (금호동3가),201491.0694,549891.9733,09~19시
412,KT,제이엠커뮤니케이션_휘경점,동대문구,"서울 동대문구 망우로 46 401동 1103호 KT 매장 (휘경동, 회기역하트리움)",205145.0206,554338.2024,09~19시
413,KT,모바일라운지_구의역점,광진구,"서울 광진구 아차산로 401 1층 (구의동, 영창빌딩)",207711.846,548685.7473,09~19시
414,KT,모바일라운지_장안동사거리점,동대문구,"서울 동대문구 장한로25길 2 1층 KT 매장 (장안동, 상미빌딩)",206282.8273,552486.653,09~19시
415,KT,모바일라운지_건대점,광진구,서울 광진구 능동로 123 1층 일부 (화양동),206304.5431,549172.3496,09~19시
416,KT,모바일라운지_건대스타시티점,광진구,"서울 광진구 아차산로 272 104호, B1층 (자양동, 더샵스타시티)",206468.9121,548770.0193,09~19시
417,KT,모바일라운지_화양점,광진구,서울 광진구 군자로 76 (군자동),206281.6125,550051.0269,09~19시
418,KT,olleh plaza 혜화점,종로구,서울 종로구 대학로 65 kt 혜화지점 1층 kt 플라자 혜화점,200512.9038,552453.8288,09~19시
419,KT,olleh plaza 용산점,용산구,서울 용산구 한강대로 297 우신빌딩 1층 kt플라자 용산점,197497.6356,549474.3708,09~19시
420,KT,olleh plaza 은평점,은평구,서울 은평구 통일로71길 16 kt 은평지점 1층 kt 플라자 은평점,193473.1184,557098.001,09~19시
421,KT,olleh plaza 신촌점,마포구,서울시 마포구 양화로 175 마젤란21 오피스텔 1층,193316.8479,550912.5288,09~19시
422,KT,olleh plaza 답십리점,동대문구,서울시 동대문구 천호대로 281 동부시장건물 1층 kt플라자 답십리점,204610.16,552002.8639,09~19시
423,KT,olleh plaza 중랑점,중랑구,서울 중랑구 봉우재로 59(면목동),207032.6232,554644.7025,09~19시
424,KT,olleh plaza 노원점,노원구,서울 노원구 노해로 502 kt 노원지점 1층 kt 플라자 노원점,205625.1115,561648.3057,09~19시
425,KT,olleh plaza 도봉점,도봉구,서울 도봉구 도봉로110길 25 kt 도봉지점 1층 kt 플라자 도봉점,203079.429,560754.1808,09~19시
426,KT,olleh plaza 강북점,강북구,서울 강북구 솔매로50길 43 kt 강북지점 1층 kt 플라자 강북점,202516.0848,558340.2489,09~19시
427,KT,olleh plaza 양재점,강남구,서울 강남구 남부순환로 2653 kt 양재지점 1층 kt 플라자 양재점,203566.516,542934.9783,09~19시
428,KT,olleh plaza 강남점,강남구,서울 강남구 언주로 517 kt 강남지점 1층 kt 플라자 강남점,203673.1977,544980.1384,09~19시
429,KT,olleh plaza 서초점,서초구,서울 서초구 효령로 174 ktds빌딩 1층 kt 플라자 서초점,200261.4229,542481.8576,09~19시
430,KT,olleh plaza 송파점,송파구,서울 송파구 오금로 58 잠실아이스페이스 1층 101호 kt 플라자 송파점,209324.0116,546366.1385,09~19시
431,KT,olleh plaza 강동점,강동구,"서울 강동구 양재대로 1462, 남양빌딩 1~2층 kt 플라자 강동점",212353.8854,548534.3939,09~19시
432,KT,olleh plaza 강서점,강서구,서울 강서구 강서로5길 64 kt 강서지점 1층 kt 플라자 강서점,186606.8949,547780.1304,09~19시
433,KT,olleh plaza 구로점,관악구,서울 관악구 조원중앙로1길 26 kt 구로지점 1층 kt 플라자 구로점,191476.6233,542381.3774,09~19시
434,KT,olleh plaza 개봉점,구로구,서울 구로구 개봉로6길 12-5 kt 개봉지점 1층 kt 플라자 개봉점,187435.5683,543070.3746,09~19시
435,KT,olleh plaza 관악점,관악구,서울 관악구 청룡1길 34 kt 관악지점 1층 kt 플라자 관악점,195434.7319,542361.5859,09~19시
436,KT,KT플라자 사당점,서초구,"서울 서초구 동작대로 22 1층 (방배동, 삼미빌딩)",198417.7337,542113.6859,09~19시
437,KT,M&S성내직영점,강동구,서울 강동구 양재대로 1339 (성내동),211934.1596,547393.0512,09~19시
438,KT,M&S역삼직영점,강남구,서울 강남구 테헤란로 139-1 1층 (역삼동),203048.1327,544553.4567,09~19시
439,KT,M&S강남대로직영점,서초구,"서울 서초구 강남대로 359 1층 101호 (서초동, 대우도씨에빛2)",202528.356,543931.8348,09~19시
440,KT,M&S교대역직영점,서초구,"서울 서초구 서초대로 286 1층 103호 (서초동, 서초프라자)",201153.9259,543747.7167,09~19시
441,KT,M&S가로수길직영점,강남구,"서울 강남구 도산대로 127 1층 (신사동, 경서빌딩)",201976.5812,546465.1419,09~19시
442,KT,M&S천호직영점,강동구,"서울 강동구 올림픽로 660 1층 (천호동, 천호엘크루주상복합)",211008.4258,548970.5936,09~19시
443,KT,M&S신논현직영점,서초구,"서울 서초구 강남대로 495 (반포동, 동일빌딩)",202050.8194,545203.8927,09~19시
444,KT,M&S양재시민의숲직영점,서초구,"서울 서초구 마방로2길 94 1층 (양재동, OSL빌딩)",203522.5542,541116.152,09~19시
445,KT,M&S선릉사거리애드샵직영점,강남구,"서울 강남구 선릉로 515 1층 (역삼동, 동인빌딩)",204265.2551,545108.9157,09~19시
446,KT,M&S길동사거리직영점,강동구,서울 강동구 천호대로 1128 (성내동),212067.3782,548305.6467,09~19시
447,KT,M&S강남역직영점,강남구,"서울 강남구 테헤란로 120 강남역 1번출구 국기원사거리 (역삼동, 상경빌딩)",202728.5462,544348.1326,09~19시
448,KT,M&S선릉직영점,강남구,서울 강남구 선릉로 424 해창 상가 1층 2호 선릉역 2번출구 진선여고 사거리 (대치동),204426.6018,544827.23,09~19시
449,KT,M&S신천역직영점,송파구,서울 송파구 올림픽로 124 (잠실동),207463.1943,545773.7785,09~19시
450,KT,M&S삼전직영점,송파구,서울 송파구 백제고분로 204 (삼전동),207890.5061,544923.4126,09~19시
451,KT,KT플라자 선릉역점,강남구,"서울 강남구 테헤란로 421 1층 101호 (삼성동, 암천빌딩)",204645.0711,545171.866,09~19시
452,KT,M&S건대입구역직영점,광진구,서울 광진구 능동로 109 1층 (화양동),206255.3374,549043.8707,09~19시
453,KT,M&S삼양로직영점,강북구,서울 강북구 솔샘로 260 상가 (미아동),201892.0641,557734.2288,09~19시
454,KT,M&S면목역직영점,중랑구,서울 중랑구 면목로 422 1층 KT매장 (면목동),207734.4809,554449.8411,09~19시
455,KT,M&S중계아울렛직영점,노원구,"서울 노원구 동일로204가길 34 1층 (중계동, 씨앤미복합빌딩)",206016.8182,560127.9026,09~19시
456,KT,M&S정릉직영점,성북구,"서울 성북구 보국문로 43 (정릉동, 야원빌딩)",200872.7781,556509.4818,09~19시
457,KT,M&S신용산역직영점,용산구,"서울 용산구 한강대로 95 105호 (한강로2가, 래미안용산)",197050.2568,547706.5179,09~19시
458,KT,M&S노원역직영점,노원구,"서울 노원구 동일로 1382 1층 KT매장 (상계동, 올림피아빌딩)",205432.0753,561375.006,09~19시
459,KT,M&S연신내역직영점,은평구,"서울 은평구 통일로 842 1층 KT프라자 (불광동, 뱅뱅옆)",193119.0048,557680.9306,09~19시
460,KT,M&S상봉역직영점,중랑구,서울 중랑구 망우로 306 1층 (상봉동),207634.2232,555201.2615,09~19시
461,KT,M&S먹골역직영점,중랑구,서울 중랑구 동일로 890 1층 103호 KT 엠엔에스 (묵동),206903.7572,556706.3255,09~19시
462,KT,M&S구파발직영점,은평구,"서울 은평구 진관2로 19 1층 103호 (진관동, 휴먼프라자I)",192904.1462,559473.1128,09~19시
463,KT,M&S홍대애드샵플러스직영점,마포구,서울 마포구 양화로18길 3 (동교동),193335.1678,550836.5618,09~19시
464,KT,M&S상암애드샵직영점,마포구,"서울 마포구 월드컵북로 396 1층 104호 (상암동, 누리꿈스퀘어)",190264.2635,553325.4704,09~19시
465,KT,M&S신촌연세대직영점,서대문구,"서울 서대문구 연세로 29 1층 KT (창천동, 혜인빌딩)",194407.672,550969.0486,09~19시
466,KT,M&S광화문본점직영점,종로구,"서울 종로구 종로 19 104호 (종로1가, 르메이에르종로타운)",198226.4114,552367.3842,09~19시
467,KT,M&S광화문중앙직영점,종로구,서울 종로구 새문안로9길 25 1층 KT 매장 (당주동),197834.0319,552423.6129,09~19시
468,KT,M&S독립문역직영점,종로구,"서울 종로구 송월길 99 상가동 1층 2128호 (홍파동, 경희궁자이2단지)",196833.1282,552185.8537,09~19시
469,KT,M&S수유직영점,강북구,서울 강북구 도봉로 342 1층 KT (번동),202305.3369,559823.8026,09~19시
470,KT,M&S신당직영점,중구,서울 중구 퇴계로 434 몽마 1층 (신당동),201745.9646,551773.0335,09~19시
471,KT,M&S을지로명동본점직영점,중구,서울 중구 명동7길 25 KT매장 (을지로2가),198603.3872,551708.9197,09~19시
472,KT,M&S신촌역직영점,마포구,서울 마포구 백범로 3 신촌역 6번출구 서강대방향 M 30 (노고산동),194451.3413,550544.0099,09~19시
473,KT,M&S응암역직영점,은평구,"서울 은평구 은평로 63 KT프라자 응암역점 (역촌동, 비앤케이빌딩)",192479.2865,555505.3686,09~19시
474,KT,M&S자양번영로직영점,광진구,"서울 광진구 뚝섬로 590 1층 KT (자양동, 아주빌딩)",206654.9213,548184.3818,09~19시
475,KT,M&S명지대사거리직영점,서대문구,서울 서대문구 증가로 144 1층 (남가좌동),193075.4318,553137.1935,09~19시
476,KT,M&S금호동직영점,성동구,"서울 성동구 독서당로 302 1층 KT (금호동4가, 대도프라자)",202006.1682,549784.1766,09~19시
477,KT,M&S종로본점직영점,종로구,"서울 종로구 삼일대로 393 (관철동, 규당빌딩)",198885.7241,552236.0854,09~19시
478,KT,M&S상계역직영점,노원구,서울 노원구 한글비석로20길 23-16 (중계동),206505.3048,562319.5479,09~19시
479,KT,M&S대학로본점직영점,종로구,서울 종로구 대명길 6 (명륜2가),200094.941,553800.5666,09~19시
480,KT,M&S성신여대직영점,성북구,서울 성북구 동소문로 98 1층 (동소문동5가),201428.2996,554743.1137,09~19시
481,KT,M&S외대역직영점,동대문구,서울 동대문구 휘경로 7 1층 (이문동),205397.3861,555205.3952,09~19시
482,KT,M&S한성대직영점,성북구,"서울 성북구 동소문로 16 1층 KT (동소문동2가, 일신빌딩)",200704.7023,554383.8347,09~19시
483,KT,M&S신길직영점,영등포구,"서울 영등포구 도신로60길 2 (신길동, 미주메디컬빌딩)",192645.4116,545815.9187,09~19시
484,KT,M&S영등포구청역직영점,영등포구,서울 영등포구 당산로 132 영등포구청 역 (당산동3가),190895.378,547425.6865,09~19시
485,KT,M&S이수역직영점,동작구,서울 동작구 동작대로 127 1층 KT매장 (사당동),198403.1036,543168.9161,09~19시
486,KT,M&S까치산역직영점,강서구,서울 강서구 강서로 47 (화곡동),186411.9831,548056.3543,09~19시
487,KT,M&S신정네거리역직영점,양천구,서울 양천구 중앙로 274 (신정동),187014.8015,546818.3544,09~19시
488,KT,M&S가양역직영점,강서구,서울 강서구 양천로 460 (등촌동),186899.8791,551456.4789,09~19시
489,KT,M&S우장산역직영점,강서구,"서울 강서구 강서로 251 1층 (내발산동, 세란빌딩)",185509.2297,549858.0024,09~19시
490,KT,M&S대림역직영점,영등포구,서울 영등포구 도림로 135 (대림동),190882.1906,543758.4318,09~19시
491,KT,M&S마곡나루역직영점,강서구,"서울 강서구 마곡중앙5로1길 20 107호 108호 (마곡동, 마곡나루역보타닉비즈타워)",184691.6895,552146.5989,09~19시
492,KT,M&S관악구청직영점,관악구,"서울 관악구 쑥고개로 139 (봉천동, 승원빌딩)",195756.4746,542160.6599,09~19시
493,KT,M&S당산직영점,영등포구,서울 영등포구 양평로 52 당산역 (당산동6가),191238.9053,548355.0442,09~19시
494,KT,M&S목동역직영점,양천구,서울 양천구 목동로 201 1층 KT매장 (신정동),187971.9946,547446.2113,09~19시
495,KT,M&S오목교직영점,양천구,"서울 양천구 목동동로 293 (목동, 현대41타워)",189017.6408,547637.9529,09~19시
496,KT,M&S서울대직영점,관악구,서울 관악구 관악로 198 1층 KT매장 (봉천동),195929.5532,542568.4014,09~19시
497,KT,M&S노량진직영점,동작구,서울 동작구 노량진로 162 1층 KT (노량진동),195045.3631,545992.0027,09~19시
498,KT,M&S화곡역직영점,강서구,"서울 강서구 화곡로 164 1층 KT매장 (화곡동, 화곡빌딩)",185849.7943,549094.7391,09~19시
499,KT,M&S여의도역직영점,영등포구,"서울 영등포구 국제금융로2길 37 101호 여의도역 (여의도동, 에스트레뉴빌딩)",193306.9685,547053.441,09~19시
500,KT,M&S신림직영점,관악구,서울 관악구 신림로 360-1 1층 KT매장 (신림동),193761.1122,543007.3488,09~19시
501,KT,M&S발산역직영점 ,강서구,서울 강서구 강서로 391 문영비즈웍스제1층 제105호 (마곡동),185724.3909,551236.3698,09~19시
502,KT,M&S당곡역직영점,관악구,"서울 관악구 봉천로 212 (신림동, 희성빌딩)",193374.0111,543355.881,09~19시
503,KT,KT플라자 신길뉴타운점,영등포구,"서울 영등포구 신길로 28길 9, 20호",192129.2396,544876.2301,09~19시
504,CU,(주)에이치커넥션 노원역점,노원구,"서울특별시 노원구 동일로 1390 (상계동, 상계주공6단지아파트) 1층 KT",205428.8312,561455.853,24시간
505,KT,M&S구로디지털직영점,구로구,서울특별시 구로구 디지털로34길 55 (구로동) 코오롱싸이언스밸리 112호,191092.3791,542771.4927,09~19시
