Park_nm,Topic,Count,Name,Representation,Representative_Docs,sentiment_label,sentiment_score
용산_효창공원,1,64,1_나무_김구_기념관_효창,"['나무', '김구', '기념관', '효창', '선생', '오래', '역사', '시설', '백범', '느낌']","['숲도 좋고 운동하기좋은곳 역사가 있고(윤봉길) 김구선생님 기념관도 있고', '도심속의 작은 공원이지만 오래된 나무로 이루어진 울창한 숲과 연못이 있어 산책하며 휴식을 취하기에 좋은 장소이다 공원안에 백범기념관과 여러 독립운동가(이봉창,김구,차리석,김동녕 등등) 분들의 묘소가 있어 역사적으로도 중요한 곳이다 35종 이상의 운동기구들도 있어 지역두민들의 체력단련을 위한 공간으로도 유용하다', '공원 내에 김구 선생님 기념관도 있으니 같이 보면 더 좋을듯 하다 공원으로서도 좋지만 의미를 생각하며 다니는것이 더 좋을듯 하다 많은 공원중에 하나로 볼 수도 있지만 독립운동가들의 묘소(무덤)가 있는 장소다']",긍정,0.5985565781593323
용산_효창공원,2,43,2_역사_심속_의미_오래,"['역사', '심속', '의미', '오래', '여유', '휴식', '집기', '벌레', '최적', '청파동']","['걷기와 휴식 역사가 있는 편안한 공원', '역사적 의미가 있는 공원', '여름철 벌레 채집기 운영하는 공원']",긍정,0.9711437821388245
용산_효창공원,4,16,4_방문_아름답_시내_최고,"['방문', '아름답', '시내', '최고', '한국', '조성', '괜찮', '추가', '완벽', '다시금']","['아름답고 잘 관리된 공원 그런데 제가 서울에서 방문한 모든 공원은 완벽하게 관리되어 있습니다', '여러 산책로와 운동 공간이 있는 아담하고 예쁜 공원입니다 서울에 오래 머물지 않는다면 꼭 가봐야 할 곳 목록에 꼭 추가하지는 않겠지만, 근처에 사신다면 꼭 시간을 내서 방문해 보세요 도시에서 잠시 벗어나 휴식을 취하고 싶다면 좋은 곳입니다', '서울에서 손꼽히는 지역민들의 공원 도심 속에 이런 숲이 조성되어 있다는 건 용산 최고의 축복 그러면서도 이 공원에 조성된 순국선열들의 정신을 다시금 뒤돌아보자']",긍정,0.6162185668945312
종로_낙산공원,0,581,0_올라가_데이트_사람_예쁘,"['올라가', '데이트', '사람', '예쁘', '경치', '힘들', '주차', '화장실', '도심', '저녁']","['정상에 올라가면 나름 운치있고 성곽도 있고ㅎㅎ 예쁨^^ 사진찍기좋음ㅎㅎ 데이트 코스로도 좋음 주차장도 있고 운동삼아 올라가기 좋음', '올라가는데 힘들지만 경치가 좋습니다', '올라가긴힘들었지만 경치가 너무 이뻤어요']",긍정,0.8242989778518677
종로_낙산공원,1,180,1_카페_도심_올라가_주차장,"['카페', '도심', '올라가', '주차장', '경치', '대학', '바라보', '공간', '남산', '운동']","['걸어서 성곽길을 걷다보면 아름다운 카페들도 나오고 운치있는곳들이 너무많은곳 연인들 친구들 산책하면 딱좋을 공간이다~ 낙산공원 20대때부터 야경이 보고 싶으면올라가는 낙산공원 성곽으로 보이는 야경은 남산 못지않는 아름다운 뷰를 자랑하는곳이다', '도심에서 바로 인접한 자연을 품은 역사문화공원 대학로 마로니에공원에서 바로 이어지는 코스 올라가는 길에 다양한 맛집과 개성적인 공간을 가진 카페 즐비 공원주차장입구에는 옥상테라스에서 도심전경을 감상할 수 있는 카페와 재즈카페도 있어 젊은이들 및 중장년층에게도 인기있는 명소 지역주민들의 건강유지를 위한 산책코스의 기능까지 갖추었으며 성곽을 따라 아래 동대문방향과 성북까지도 이어진다 (안내표지있음) 사진은 여름밤야경으로 겨울의 낙산공원전망은 또 어떨지 궁금하다 지하철, 버스로 혜화역2번출구 및 마로니에공원하차 후 아르코예술극장 뒷편으로 올라갈 수 있다', '걷기도 좋고 경치도 좋고, 약간의 음식점과 카페도 있습니다 서울 도심의 모습을 내려다볼 수 있는 완만한 경사의 성벽 공원입니다']",긍정,0.9423468708992004
종로_낙산공원,2,23,2_종로_출구_거리_둘레길,"['종로', '출구', '거리', '둘레길', '바라보', '올라오', '저녁', '종종', '동부', '인증']","['동묘역 10번출구에서 종로03마을버스타면 숨안차고 오를수 있는 낙산공원^^ 사계절 낮과밤 언제나 아름다운 그곳', 'DDP, 두산타워 ~ 동대문 ~ 낙산공원 ~ 한성대입구 ~ 성북천 ~ 고려대 코스를 추천한다 데이트코스로도 유명한 곳답게, 야경이 상당하다 북쪽을 바라보고 서면 좌측에는 광화문-종로-을지로의 고층 오피스들이, 우측은 한양도성이 아름답게 조화되어 보인다', '걷기 좋은 서울명소로 꼽히는 낙산공원 서울성곽길 지하철 4호선 혜화역 1번출구로 나와서 마로니에 공원을 가로질러 이화벽화마을쪽으로 올라오면 낙산공원 이정표가 보입니다 그 언덕길로 쭉 올라오면 서울시내가 한눈에 내려다보이는 낙산공원서울성곽길이 나옵니다 그 성곽길을 따라 쭉 걷다보면 예전에 이대부속병원이 있었던 동대문이 내려다보이는 곳까지 걸을 수 있습니다 가볍게 산보하듯 서울시내를 내려다 볼 수 있는 서울성곽길 꼭 한번 걸어보시면 좋을거예요']",긍정,0.8143057227134705
종로_낙산공원,3,20,3_전망대_언덕_혜화문_대학,"['전망대', '언덕', '혜화문', '대학', '벽화', '정상', '성지', '성북', '순성', '남산']","['이화동벽화마을과 같이 있어 좋음 남산과 북한산이 보이는 전망대', '주로 산책길 + 운동기구, 전망대, 성곽, 공연장 전망대는 전망범위가 그리 넓진않음(산이 얕아서) 대학로에서 가까운 얕은 산(언덕) 위 공원', '4호선 동대문역 역사 내 화장실을 이용하거나 낙산공원 전망대까지 10분-15분 정도 걸어서 올라가야 한다 전반적으로 오르기 쉬운 언덕같은 느낌이지만 드문드문 경사가 조금 가파른 구간이 있습니다 산책로를 따라 걸으며 동대문과 DDP, 두타(DOOTA)및 남산타워 건물 등을 내려다 볼 수 있습니다']",중립,0.6447203755378723
마포_경의선숲길공원,2,63,2_아름답_예쁘_낭만_가볍,"['아름답', '예쁘', '낭만', '가볍', '도시', '사진', '기분', '다니', '코스', '발전']","['아름답고 상쾌한 곳', '아름답고 낭만이 있는곳', '도시 한가운데서 산책하고 휴식을 취하기에 너무 아름답고 기분 좋은 곳이에요']",긍정,0.9890853762626648
마포_경의선숲길공원,3,42,3_아침_장소_데이트_산책로,"['아침', '장소', '데이트', '산책로', '날씨', '친구', '코스', '일찍', '일어나', '최적']","['날씨좋을때 데이트하기 좋은곳', '산책하고 데이트하기 좋은 장소', '데이트하기 좋은 장소']",긍정,0.9866226315498352
마포_경의선숲길공원,4,34,4_숲길_쓰레기_연남동_주민,"['숲길', '쓰레기', '연남동', '주민', '경의선', '사람', '겨울', '화장실', '지역', '도시']","['경의선 숲길 산책하기 좋습니다 경의선 산책할 때 화장실가기는 힘듭니다 주변거주하시는 분들도 두루두루 산책하기 좋은 거 같아요', '연남동 뒷길을 숲길로 만들어 다양한 상권이 형성될 수 있도록 한 점은 좋았습니다 하지만 무분별하게 버려지는 쓰레기와 담배꽁초들, 연남동 고유의 특색을 가진 상권들의 몰락, 천편일률적인 상점들로 인해 연남동이 가진 개성들이 사라져버린 점은 매우 아쉽습니다', '한 동안 저녁에 술 판이 벌여지고 버스킹에 동네 주민으로써 너무 불편했지만 사람들이 몰이기 전 시간에 가면 너무 평화로운 경의선 숲길 이다 토박이기도 하지만 내가 이곳을 좋아하는 이유이기로 하다~^^ 연트럴파크란 촌스러운 이름 말고 경의선숲길 이라 불리길^^ 개인적으로 이상한 연트럴 파크가 아닌 경의선숲길 이라는 이쁜 공원 명칭으로 불렸으면 하는 바램입니다']",중립,0.6999222040176392
마포_경의선숲길공원,6,32,6_반려_강아지_동반_동물,"['반려', '강아지', '동반', '동물', '환경', '사람', '피크닉', '잔디밭', '애완', '구역']","['주말 방문에 좋은 곳 놀이터 아래를 참조하세요 반려견 동반 환경 여기 있는 모든 사람들은 머리가 완벽하게 다듬어진 애완동물과 하루 종일 뽐내고 있습니다 피크닉 구역 사람들이 음식과 음료를 사서 새벽 3시까지 잔디밭에 앉아 쉬는 모습을 볼 수 있어요 좋은 일이든 나쁜 일이든 여기서는 이런 일들이 일어나고 있어요', '반려견 동반 환경 많은 사람들이 개를 데리고 나갑니다 흥미롭게도 거리에서 난장판을 본 적이 없습니다', '홍대 한복판에서 산책하기, 반려동물과 함께 걷기, 혹은 아이들과 함께 걷기에 가장 좋은 곳일 거예요 반려견 동반 환경 개들이 너무 많아요 여기는 개 사교 시간이에요 하하']",긍정,0.7385339736938477
마포_경의선숲길공원,7,22,7_도시_한가운데_도심_휴식,"['도시', '한가운데', '도심', '휴식', '생각', '활용', '지구', '정원', '선형', '공간']","['도시 내의 작은 공원', '도시 한가운데에 있는 멋진 공원', '번화한 도시 한가운데에 있는 아름다운 공원']",긍정,0.9799293875694275
마포_경의선숲길공원,8,15,8_최고_저녁_아래_고요,"['최고', '저녁', '아래', '고요', '한복판', '이전', '아마도', '산책로', '시설', '그다지']","['서울 하늘 아래 이렇게 여유로운 곳이 있는 줄 오늘 처음 알았다', '겨울 저녁에 산책했는데, 저녁 불빛이 비치는 매우 아름답고 고요한 곳이었습니다 :) 아마도 서울에서 했던 가장 아름다운 산책이었을 겁니다', '서울의 부동산을 생각해보면 당연히 필요한 시설이면서도 이런 산책로를 구축해 놓기 어렵다는 사실을 깨닫게 할 만큼 긴 산책 공간']",긍정,0.8944670557975769
마포_경의선숲길공원,10,14,10_철도_오래_현대_철길,"['철도', '오래', '현대', '철길', '선로', '도시', '자연', '개조', '나무', '모습']","['많은 나무, 관목, 물, 앉을 수 있는 장소가 많고 나무 그늘이 있는 산책로로 개조된 오래된 철도 서울 도심 속에서 걷고, 앉아서 자연을 즐기기에 안성맞춤 자연과 어우러진 도시경관이 아주 좋은 맛으로 어우러져 있습니다', '놀이터 아니요, 공원에는 놀이터가 없습니다 이 철도를 현대적 맥락에서 재정의하기 위해 마포구는 이 철도를 뉴욕의 센트럴파크와 유사한 현대적인 공원으로 개조했습니다 이 공원은 조선과 중국의 북쪽 경계 도시인 의주와 서울 사이의 철도로 사용되었습니다', '경의선 대로는 경의선 철도가 지하화되면서 조성되었으며, 폐선로를 휴식과 산책을 즐길 수 있는 녹지공원으로 재탄생시켰습니다 이곳에 오면 화목하게 산책하는 가족, 함께 시간을 보내는 친구들, 함께 시간을 보내는 커플의 모습을 볼 수 있습니다 새로운 모습의 도시 여가공간은 편리한 교통은 물론, 다양한 녹지공간 자원이 집약되어 있어 자연과 생동감 너무치는 도시문화를 동시에 느낄 수 있습니다']",긍정,0.9807940721511841
마포_경의선숲길공원,11,12,11_벚꽃_구간_가좌역_나무,"['벚꽃', '구간', '가좌역', '나무', '새롭', '공덕역', '특히', '숲길', '아름답', '경의선']","['옛날 철길이 숲길로 새롭게 탄생한이곳 효창공원역에서 가좌역까지 산보하기 너무 좋아요 각종 조형물도 훌륭하고 다양한 볼거리(책거리, 수변공원, 정자, 간이역, 조형물 등)가 많이 조성되어 멋진곳입니다 봄에 벚꽃이 만발할 때면 또다른 장관을 연출합니다', '벚꽃이 벌써 피었어요, 산책하기 좋아요', '봄에는 아름다운 벚꽃을 보기에 딱 좋아요']",긍정,0.983153760433197
강서_서울식물원,0,1100,0_대기_예약_방문일_사람,"['대기', '예약', '방문일', '사람', '생각', '권장', '주차장', '호수', '예쁘', '공간']","['방문일 평일 대기 시간 대기 시간 없음 예약 권장 아니요', '약간 습하고 더웠지만 좋은 생육환경을 위한 장치라고 생각하니 이해할 만 했음 대단하다고 느낄 정도는 아니었지만 관리가 잘 된 상태라고 느껴졌음 방문일 주말 대기 시간 대기 시간 없음 예약 권장 아니요', '12시 너무어서 가면 주차장 대기중이 매우 길어요 방문일 공휴일 대기 시간 대기 시간 없음 예약 권장 아니요']",중립,0.6024714708328247
강서_서울식물원,1,88,1_주제_공간_구역_방문,"['주제', '공간', '구역', '방문', '도심', '나무', '여유', '가을', '주변', '사람']","['서울식물원은 도심에서 자연의 여유를 느낄 수 있는 완벽한 장소입니다 가족,친구,연인과 함께 방문해도 좋고, 혼자서도 충분히 힐링할 수 있는 곳이라 강력 추천합니다 온실정원, 야외정원, 호수공원 모두 각각의 구역마다 다양한 볼거리가 많았습니다 특히 다양한 식물들을 한눈에 볼 수 있어서 좋았어요', '그중 온실은 식물원을 대표할만한 공간으로 지중해관과 열대관 두곳으로 되어있고 1층과 4층에는 판매시설과 카페가 있다 넓은 호수공원과 잔디마당 한옥건물이 있어 전체면적은 워낙 넓어 서울숲과 같은 시민공원으로 봐도 위화감은 없다 2015년 공사가 시작하여 2019년 5월1일 개원한 축구장 70개 넓이의 15만평 규모로 주제정원 온실과 열린숲, 습지원등으로 4개구역으로 구성된 영국 에덴프로젝트와 싱가포르 보타닉 가든을 벤치마킹한 식물원이다', '서울식물원 넓게 조성한 공원에 나무들이 잘 자라고 있어 2~3년 후면 아주 좋은 휴식 공간이 될 것이라 생각됩니다 열대관이며 지중해관에도 주제별로 잘 꾸며놔 보기 좋았습니다 호숫가 주변에도 더 많은 나무들이 심어졌으면 좋겠어요']",긍정,0.9597482085227966
관악_서울대공원,0,184,0_대기_방문일_예약_주말,"['대기', '방문일', '예약', '주말', '가족', '장소', '단풍', '대공원', '권장', '날씨']","['매우 좋아요 방문일 주말 대기 시간 대기 시간 없음 예약 권장 아니요', '방문일 주말 대기 시간 대기 시간 없음 예약 권장 아니요', '방문일 주말 대기 시간 대기 시간 없음 예약 권장 예']",긍정,0.9824315905570984
관악_서울대공원,9,26,9_귀엽_붐비_시설_둘러보,"['귀엽', '붐비', '시설', '둘러보', '편의', '편하', '자연', '대화', '원도', '대공원']","['롯*, 에* 보다 상대적으로 덜붐비고 동물원도 야외에있어서 애기데리고가기 좋아요', '동물도 귀엽고 놀기 편하다', '오랜만에 대공원 사람많았는데 동물들은 귀엽고 좋았다']",긍정,0.974702000617981
관악_서울대공원,12,19,12_나무_그늘_힐링_가을,"['나무', '그늘', '힐링', '가을', '도심', '자연', '단풍', '공기', '주변', '장소']","['봄여름가을겨울중 가을이 제일 좋은것 같아요 맑은 하늘 선선한 날씨 오색단풍', '5km, 길 양쪽 나무들이 그늘을 만들어주어 걷기도 기분좋고, 싱그러운 초록의 터널, 상쾌한 공기가 참 좋아요', '산밑이라서 나무도 많고 공기가 깨끗해요 나무그늘아래 누워 쉬기 참 좋아요']",긍정,0.9818432927131653
관악_서울대공원,13,19,13_저수지_접근성_위치_욕장,"['저수지', '접근성', '위치', '욕장', '산림', '호수', '서울대', '과천', '공간', '햇살']","['여유롭게 걸을수있는길 풍경이있는곳 호수 나무 숲길 이있는 풍경 이 아름다운서울대공원 대공원숲속저수지', '특히 산림욕장은 숲이 우거진 푸른 숲길이라 산림욕 하면서 걷기 좋은데 북문입구 들어가 전망대 지나 남미관샛길로 내려왔어요 서울대공원의 호수둘레길, 동물원둘레길, 그리고 산림욕장(등산) 모두모두 걷기좋은 길입니다', '조절저수지의 정자에서 햇살을 받으며 걸어서 내려오면 양 옆에 거대한 가로수나무들 아래 아스팔트 산책길 위에서 조용하게 들려오는 음악소리에 취해서 걷는 길은 오랫동안 기억에 남을 겁니다 과천에 있는 서울 대공원 산림욕장을 5~6km 걷고 조절저수지쪽으로 내려오는 길은 이제 오르막 길은 다 끝나고 내려가는 길만 남은 안도감에 매번 기분이 상쾌해지는 곳입니다 이제 막 피기 시작하는 산수유, 개나리, 진달래 꽃봉우리가 이른봄의 따스한 햇살에 반짝이고, 화창한 날씨에 더해서 미세먼지는 예보하고 다르게 좋음 수준으로 파란 하늘과 먼산 봉우리와 능선의 경계선이 선명하게 보일정도로 미세먼지가 없는 최고 날씨였습니다']",긍정,0.9409521222114563
관악_서울대공원,14,18,14_비오_느낌_여유_단풍,"['비오', '느낌', '여유', '단풍', '운동', '코스', '평일', '날씨', '평화', '서운']","['가을하늘과 함께 여유로운 단풍속을 거닙니다 대공원의 가을이 너무예쁘네요 전철로 내려서 갈수 있으니 너무좋아요', '많이 걸어도 쉽게 벤취에 쉴 수 있는 단풍이 시작되었네요 휴일이 아니다보니 더 여유로운 느낌', '가볍게 운동삼아 마음에 여유를 갖고 걷는다면 주변 풍경이 아름답게 느껴질 것이다 코로나의 여파로 실내 코스는 전부 OFF']",긍정,0.8775774240493774
관악_서울대공원,17,14,17_벚꽃_향기_한창_아름답,"['벚꽃', '향기', '한창', '아름답', '장미', '풍경', '사진', '이어', '쏟아지', '머리']","['4월 5일 방문> 벚꽃이 활짝 만개해서 공원을 한바퀴 도는 내내 눈이 즐거웠다 내년 봄에도 벚꽃 필 때 생각날 곳이 될 것 같다', '4월 중순에 방문하면 멋진 벚꽃을 볼 수 있어요', '요즘 대공원에 제일 아름다운 풍경은 일반 벚꽃보다 보름정도 늦게피는 왕벚꽃이다 1907년에 다케신부가 제주도에 자생한 나무를 처음 발견했고 그후 한일간에 최초 왕벚꽃이라 서로 자랑했는데 그후 결국 서로 다른 종이라 판별이 났다고 한다 약 백그루가 정문에 들어서면 줄을 이어 한창 황홀한 자태를 보이고 있다']",긍정,0.8422896862030029
관악_서울대공원,18,13,18_가을_예쁘_정원_기간,"['가을', '예쁘', '정원', '기간', '안서', '물들', '봄철', '정취', '꽃구경', '사회']","['가을풍경 동물들 너무 예쁘요', '김밥들고 편안하게 가을정취 느끼러 가기 좋은 곳', '가을 단풍이 예쁘게 물들었어요']",긍정,0.9778802394866943
관악_서울대공원,19,11,19_아침_시설_컵라면_국내,"['아침', '시설', '컵라면', '국내', '부근', '평지', '악어', '아동', '포함', '테마파크']","['아침 개장시간에 가면 아침먹는 동물들 구경할수 있어요', '타 테마파크보다는 미취학아동이 이용할 놀이기구가 더 많은거 같고 평지이고 넓고 편하고 좋네', '음식값 국내최고 도시락 싸서 가세요 컵라면 400 핫도그400등등']",긍정,0.9708573818206787
강서_방화근린공원,0,39,0_근린공원_휴식_방화동_동네,"['근린공원', '휴식', '방화동', '동네', '방화역', '분위기', '주변', '등산', '공기', '느낌']","['방화동근린공원 산책하기 좋고 운동하기도 좋은 공원 개화산 밑자락에 위치하고 딨고 산림속에있는 공원', '시민들의 휴식터 방화근린공원', '근린공원 가까이는 한강공원이 있고 주변에는 개화산과 강서둘레길이 있어서, 한적한 분위기와 고즈넉한 분위기를 좋아하신다면 괜찮을 것 같습니다 방화역 주변의 방화동 주민들의 휴식과 놀이와 힐링 공간으로 활용되고 있는 방화근린공원입니다']",긍정,0.8958166241645813
강서_방화근린공원,1,30,1_부담없이_조성_마음_공기,"['부담없이', '조성', '마음', '공기', '생각', '방화동', '도심', '스케이트', '카페', '맨발']","['공기좋고 여기를오면 마음이편해요', '둘레길이 조성 되어있어 산책 하기에 좋고 공기도좋아요~', '부담없이 다닐 수 있는 둘레길 조성도 잘되어 있습니다']",긍정,0.9918111562728882
강서_방화근린공원,3,24,3_벚꽃_이용_장소_주변,"['벚꽃', '이용', '장소', '주변', '체험', '광장', '연결', '가을', '인라인', '사람']","['광장도 있어서 아이들이 뛰어 놀기 좋아요 벚꽃이 예쁘게 피어서 방문했어요 개화산과 연결되어 있고 산책로도 잘 되어 있어요', '농구대와 배드민턴,족구장,야외공연무대와 아이들 자전거나 킥보드를 탈 수있는 원형운동장과 연못 주변 정자 등 수로시설과 체력단련기구도 곳곳에 있어 남녀노소 구분없이 이용할 수 있습니다 공원 안에 천문과학관이 5월중 개관예정입니다 도시와 산의 경계에 위치한 근린공원으로 많은 시민이 이용하는 쾌적한 공간 입니다', '가을에는 더욱더 아름다운 풍경을 즐길수 있습니다 피크닉 구역 가족단위 이용 하며, 나름 지역에서 유명해서 길거리 노상주차 길이가 벗꽃 시즌에는 엄청납니다 정상에 군부대가 있으나 일반인에게 부담이 없으며 정상 부근에서 한강을 바라보고 바로 아래 천년 사찰에서 고즈넉한 분위기를 즐기신후 하산하여 각종 카페와 식당등을 이용 하셔도 좋으며 방화근린공원과 연결되어 있기에 봄 다세대등등 주택 생활자들의 맑은 공기를 책임지는 곳으로서 정상까지 자동차로 올라갈수도 있고, 자전거 혹은 도보로 이용 하며 여러 둘레길이 있기에 자연과 어울리며 요즘은 도보자들을 위해서 데크작업을 하고 있답니다~']",긍정,0.9772118330001831
강서_방화근린공원,4,21,4_반려_동반_환경_만들,"['반려', '동반', '환경', '만들', '트랙', '계절', '주변', '예쁘', '자전거', '사람']","['지금은 무지개 다리를 건넌 슈나우저가 좋아하던 산책 코스였습니다 반려견 동반 환경 개 줄만 확실히 단속하면서 산책하면 뭐라고 하는 사람이 없음', '반려견 동반 환경 많이들 반려동물 데려옵니다', '강아지 천국 반려견 동반 환경 아가들이 좋아합니다']",긍정,0.9310073256492615
강서_방화근린공원,5,16,5_조깅_가볍_여가_아침,"['조깅', '가볍', '여가', '아침', '경관', '만족', '단련', '연계', '자주', '조성']","['쉬고 산책하고 조깅하고 낮은 산도있고 매우 좋은 휴식처입니다', '주변에 살아 종종 운동하러가는데 조깅하기 좋습니다', '시설좋고 자연경관과 편의시설 산행 연계등 만족도 최고']",긍정,0.9925756454467773
중구_서울로7017,1,91,1_심속_화장실_산책로_기차,"['심속', '화장실', '산책로', '기차', '노숙', '가볍', '예쁘', '기다리', '점점', '관리']","['기차 기다리는동안 산책하기 좋아요', '밤 기차 기다리는 시간에 내려가볼만함', '화장실 가는 길 중간 중간에 무료 화장실 안내가 되어있음 건물안 화장실인데 자유롭게 사용 가능 Free bathroom in the middle of the street']",긍정,0.9391127824783325
중구_서울로7017,2,77,2_나무_식물_관리_정원,"['나무', '식물', '관리', '정원', '생각', '여름', '자라', '느낌', '마음', '장소']","['차가 다녔던 옛 고가다리를 나무들을 조성해 여유롭게 걸으며 지나다닐수 있다 한여름이었던 지금은 아직 나무들이 다 자라지 않아 마치 커다란 화분을 군데군데 놓여져 있는듯한 느낌이었지만 나무들이 크게 자라 숲을 형성해 준다면 한여름 뙤약볕은 피할수 있을듯해 걷기가 훨씬 좋을듯 하다', '하지만 높은지대는 볼 나무도 많고 뷰도 좋음', '나무가 좀 더 무성했으면 좋겠네요']",중립,0.7896884679794312
중구_서울로7017,3,70,3_서울역_야경_바라보_코스,"['서울역', '야경', '바라보', '코스', '도로', '산책로', '빌딩', '고가', '남대문', '위치']","['서울야경을 보면서 산책하기 좋은 곳으로 세종대로, 대우빌딩, 서울역 등 수 많은 불빛들로 아름다운 서울 야경을 감상 할 수 있습니다 데이트 코스로 추천드립니다', '서울로 위에서 바라보는 서울역의 야경이 아름답고 저녁 산책으로 좋음', '서울역 앞 산책하기 너무 좋은곳']",긍정,0.988645076751709
중구_서울로7017,4,43,4_나무_식물_서울역_고가,"['나무', '식물', '서울역', '고가', '조성', '연결', '도로', '도심', '산책로', '이야기']","['각종 식물을 심어 놓았고 산책로도 그런대로 잘 조성해 놓음 서울역 고가도로를 변형하여 고가도로 공원으로 조성한 장소임', '고가도로였던곳을 개방하여 산책로로 나무등 식물을 테마별로 거리를 조성하였으며 남대문에서 서울역까지 연결되어 있고 또한 지하철역등으로 연결되는 엘리베이터도 있어 편리하게 접근이 가능합니다 롯데마트를 비롯한 쇼핑과 식당가가 있고 서울역을 통해 각지방을 통하는 길목이라 교통', '1970년 건설된 서울역 고가도로를 2017년 사람들이 걸어다닐 수 있는 고가인도 공원으로 만들었다 해서 7017이라 명명했다 한다 회현역 5번 출구부터 만리동 까지 풀, 꽃, 나무를 나름 정리하여 심고 군데군데 안내소, 카페, 빵집, 다방, 기념품점,빌딩 연결로, 엘리베이터 를 설치하고 나무를 그늘삼아 벤치도 만들어 쉴 수 있게 하였다 각각의 나무는 입양절차를 밟아 개인에게 입양도 하는듯하다 꽃과 나무를 좋아하거나 공부하는 사람에게는 조은 쉼터이자 참고장소가 될듯 한데 유난히 덥고 가물었던 탓인지 나무들 상태가 만족스럽지는 않았다']",중립,0.7255759835243225
중구_서울로7017,5,36,5_서울역_주변_이어지_명소,"['서울역', '주변', '이어지', '명소', '전경', '남대문', '연결', '여유', '가볍', '가까워']","['서울역 주변을 고가에서 보니 좋아요', '서울역까지 걸을 수 있어서 좋아요', '높은곳에서 서울역을 볼수 있어 좋았다']",긍정,0.9774466156959534
중구_서울로7017,7,33,7_점심_코스_힘들_저녁,"['점심', '코스', '힘들', '저녁', '장소', '남산', '가을', '관광지', '운치', '날씨']","['점심먹고 산책하기 좋은 곳', '점심먹고 산책 한바퀴하기 좋은곳', '인근 직장인들에겐 점심식사 후 산책하기에 딱 좋은 코스다']",긍정,0.9815160036087036
중구_서울로7017,8,23,8_콘크리트_공간_시민_그늘,"['콘크리트', '공간', '시민', '그늘', '즐기', '부족', '주변', '바닥', '도심', '가볍']","['사람들이 걷는 공간이 좁기는 하지만 시민들이 쉴 수 있는 도심공간이 생긴 것이 의미있어 보입니다', '다듬어지지 않은 콘크리트의 향내가 풍기는 공간이지만, 주변을 내려다볼 수 있는 거의 유일의 공간', '산책로 들어가는 길도 좁고 불편함 녹색보다는 삭막한 회색빛 콘크리트로만 이루어진 산책로 다만 위에서 볼 수 있는 주변 경치는 좋음']",중립,0.6842042803764343
중구_서울로7017,9,21,9_나라_날씨_예쁘_가족,"['나라', '날씨', '예쁘', '가족', '간간히', '저녁', '공연', '분위기', '버스', '조명']","[""기차를 '타고 한양구경하니 정말 좋은 시간을 보냈답니다 이제는 우리나라 좋은나라 구석구석을 많이 볼 예정입니다 늘상 좋은 일만 있기를 기도합니다~♡"", '조명도 예쁘게 들어오고 앉아 쉴 곳도 간간히 보이네요 땡볕일때보단 저녁에 둘러보기 좋네요', '길도 예쁘고 시원하며 밤이되면 간간히 이런 공연도 무료관람이 가능해요 오늘 분위기도 참 좋았어요']",긍정,0.9831483364105225
중구_서울로7017,11,13,11_행사_시장_남대문시장_출근,"['행사', '시장', '남대문시장', '출근', '음식', '제공', '볼거리', '먹거리', '남대문', '구경']","['주말에 다양한 행사를 진행해서 회현역 남대문 시장~서울역까지의 구간을 걸어다니기 좋았습니다 물건들을 판매하는 곳도 구경하기 좋았습니다', '볼거리가 많은 건 아니지만 도심이 한눈에 내려다 보이는 고가도로 산책은 나름 괜찮았음 남대문시장과 가까워 산책 후 바로 시장구경~ 아이쇼핑, 맛난 먹거리 재미짐', '식당 상점 카페등 접근 통로 조성된것은 장점임 봄 가을 직장인들 점심먹고 한적하게 산책하기 좋은 정도 가끔 문화 전시나 작은 행사 등도 있어 볼거리 제공하기도 함']",긍정,0.8881295919418335
중구_서울로7017,12,13,12_피아노_연주_연인_길목,"['피아노', '연주', '연인', '길목', '나무', '감상', '설치', '분위기', '조명', '휠체어']","['걷기좋은 서울도심의 서울로7017 중간중간 피아노 연주하시는분들도 있고 꽃과 나무도 좋고', '정말정말 좋아요 꽃또 있고 나무도 있어 괜찮아요 피아노도 있어 피아노을 칠수도있어요 산책 하기 좋을뜻 ㅎㅎ', '우리나라의 모든 종류의 나무가 예쁘게 심어져 있고, 피아노가 군데군데 놓아져 있어 누군가의 피아노 연주를 들을 수 있어요 밤에가면 조명이 매우 아름다워요']",긍정,0.9752737879753113
중구_서울로7017,13,13,13_불편_그늘_공기_기분,"['불편', '그늘', '공기', '기분', '그닥', '어려움', '그대로', '피하', '미세먼지', '보행로']","['그늘이 없고, 매연에 그대로 노출되며 시끄러워 걷기에는 추천하지 않는다', '공중산책로 색다른 경험 보행로가 좁아 불편', '비가와서 조금걷기가 불편해도 기분좋게 산책할수 있는곳']",중립,0.6769270896911621
중랑_중랑캠핑숲중랑가족캠핑장,1,56,1_캠핑_핑장_사이트_가능,"['캠핑', '핑장', '사이트', '가능', '즐기', '화장실', '바베큐', '주변', '거리', '주차']","['도심속에서 가족과 간단한 캠핑을 즐기기엔 괜찮은것 같아요 캠핑용 모든 장비의 대여도 가능하기때문에 참 좋은것 같아요~', '장점: 도심에 위치해서 접근성이 좋음, 사이트 바로 옆에 주차 가능, 시설이 잘 관리되어 깔끔하고 깨끗함 단점: 좁은 사이트간격, 행랑객들이 많아서 새벽까지 시끄러움, 오전11시 퇴실이라 아침에 여유가 없음, 화장실이 빈약함, 오후 7시에 매점을 닫음 총평: 술먹고 놀기 위한 야영장', '서울 시내 공원에 위치한 캠핑장, 시설도 좋고 관리도 잘 되는 편 사이트 안쪽에도 화장실과 개수대 시설은 추가로 있으며, 올해 리모델링해 시설도 깨끗합니다 사이트 간격은 좁은 편이나 바로 옆 주차 가능하며 도심속 공원 등의 이유로 장작사용은 불가능합니다']",긍정,0.9352890849113464
중랑_중랑캠핑숲중랑가족캠핑장,4,12,4_친절_둘러쌓_편리_나쁘,"['친절', '둘러쌓', '편리', '나쁘', '특히', '부족', '전기', '분위기', '주차', '장소']","['다섯식구에게 공간적으로 부족한 점은 없었고 시설도 나쁘지 않았습니다', '시설도 좋고 모두가 친절해서 좋았어요', '시설 관리도 잘 되어있고, 관리해 주시는 분들도 친절합니다']",긍정,0.9832016825675964
etc_북한산국립공원,0,207,0_북한_명산_시내_전망,"['북한', '명산', '시내', '전망', '도시', '축복', '접근', '바위', '도심', '장소']","['예년의 북한산 국립공원이 아닌거 같아 서글펐습니다', '북한산은 가보면 안다 너무 좋다', ""수도권 어디에서도 접근이 용이한 교통체계와 거대한 배후도시로 연평균 탐방객이 500만에 이르고 있어, '단위 면적당 가장 많은 탐방객이 찾는 국립공원'으로 기네스북에 기록되어 있다 북한산국립공원은 세계적으로 드문 도심 속의 자연공원으로, 수려한 자연경관과 다양한 문화자원이 있어 우리나라의 15번째 국립공원으로 지정되었다 북한산은 산지 전체가 도시지역으로 둘러싸여 생태적으로는 고립된 '섬' 이지만, 도시지역에 대한 '녹색허파'로서의 역할을 훌륭히 수행하며, 수도권 주민들의 자연 휴식처로 크게 이용되고 있다""]",긍정,0.9188247323036194
etc_북한산국립공원,1,175,1_올라가_운동_힘들_도심,"['올라가', '운동', '힘들', '도심', '공기', '가볍', '항상', '사람', '험하', '재밌']","['재밌고 올라가는데에는 운동화만 신고 올라가도 아무 문제없어요 참고로 정상 입니다', '올라가는 길은 험해요', '정릉코스 너무돌이 많아 올라가기가 힘들어요']",중립,0.7217524647712708
etc_북한산국립공원,3,86,3_도시_전망_자연_산책로,"['도시', '전망', '자연', '산책로', '방문', '공기', '세계', '감상', '물소리', '접근']","['멋진 전망을 갖춘 아름다운 공원입니다 자연 속에서 시간을 보내기에 좋은 곳입니다 다양한 난이도의 여러 가지 경로가 있습니다', '훌륭한 산책로와 도시의 좋은 전망 트레일링과 하이킹을 즐길 수 있고 자연의 아름다움을 감상할 수 있는 놀라운 공원입니다 공원은 깨끗하고 넓습니다', '훌륭한 산책로, 최고의 인프라, 도시의 놀라운 전망은 꼭 방문해야 할 곳입니다']",긍정,0.9823570251464844
etc_북한산국립공원,4,21,4_성문_하산_바위_가족,"['성문', '하산', '바위', '가족', '청수', '우이동', '북한', '사모', '대동문', '보국']","['♤북한산 등산코스 백운대코스 소귀천코스 구기터널 비봉,사모바위,승가사 대나문 ♤북한산 둘레길 정릉 보국문 국민대옆 평창동길 3둘레길', '설악산과 한라산은 못~가 보았는데 서울과 경기도에 인접한 북한산에 비봉 사모바위 쪽~두리봉 대동문 대남문 등등 유명한 사찰 승가사 삼천사 진관사 등등 연인과 친구와 같이 가시길 대한민국 모든 분에게 추천합니다', '늘상 집 주변의 가까운 정릉 청수장~대성문~대동문~동장대~북한산대피소~북한산성입구 코스를 좋아합니다']",긍정,0.9727592468261719
etc_북한산국립공원,5,14,5_소요_도착_우이동_완주,"['소요', '도착', '우이동', '완주', '일출', '챙기', '선사', '출발', '안내소', '일정']","['나는 800m 정상까지 오르는 4~5시간 걷기를 선택했습니다 현장에 도착하면 안내소에 들러 영어로 된 지도를 받으세요 거기에서 귀하가 이용 가능한 시간에 따라 여행 일정을 조언해 드립니다', '총 소요시간 식사 및 사진 휴식 포함해서 3시간 40분 소요되었네요 풍경이 너무 아름답고 즐거웠던 코스였습니다 진관사 - 응봉 - 비봉 - 향로봉 코스로 다녀왔습니다', '백운대 정상에 도착하면 백운대 안내소를 따라 2시간 만에 우이동 출구까지 완주하세요 우이동 입구를 이용하거나 체력이 많이 부족한 분들을 위해 준비했습니다 정릉 입구에서는 정상까지 보통 4시간이 걸립니다']",긍정,0.8559710383415222
영등포_선유도공원,1,67,1_풍경_자연_강의_양화대교,"['풍경', '자연', '강의', '양화대교', '주변', '힐링', '나무', '아름답', '조망', '유교']","['나무와 꽃들이 어우러져서 한강의 풍경을 한층 돋보이게 하고 여유로운 산책을 하기에 좋은 명소', '자연 친화덕이고 나무 한강조망 힐링하기에는 최고의 장소 입니다,~^^', '푸른 나무와 넓은 잔디밭이 어우러져 여유롭게 걷기 좋으며, 공원 내 산책로가 잘 정비되어 있어 편안하게 걸을 수 있습니다 이 공원은 가까운 위치에 있어 접근성이 좋고, 날씨만 좋다면 부담 없이 산책하기에 완벽한 장소입니다 조용하고 평화로운 분위기 속에서 스트레스를 풀고, 자연과 함께하는 힐링의 시간을 즐길 수 있는 곳입니다']",긍정,0.9819349050521851
영등포_선유도공원,3,54,3_자연_여유_단풍_사진,"['자연', '여유', '단풍', '사진', '처음', '개방', '건너편', '공기', '대중교통', '풍경']","['가을 끝자락 가족나들이로 다녀왔습니다 서울 한복판에서의 자연을 느끼게 잘 꾸며놓으셨네요 코로나 땜인지 날씨 탓인지 사람이 적고 좀 쓸쓸해(', '대중교통이나 승용차로도 접근성도 좋고 작지도 않으면서 경치도 좋은 공원입니다 가을 단풍도 좋습니다 60이 너무게 서울에 살았어도 이런 공원이 있다는 것을 처음 알게 되었습니다', '서울에 살면서 말로만듣고 처음가본 매력만점 공원입니당:-) 많은 나무들과 너른 잔디밭에 여러가지 수생식물과 꽃들, 탁트인 한강풍경까지 정말 최고예요^-^Vvv 자연속에서 여유를 느끼며 쉬어가기 좋은 장소로 강추에요~* 사진찍기 좋은 장소도 곳곳에 많고요']",긍정,0.981333315372467
영등포_선유도공원,5,26,5_벚꽃_예쁘_날씨_코로나,"['벚꽃', '예쁘', '날씨', '코로나', '가을', '휴게', '꽃피', '수국', '개나리', '강도']","['요즘 벚꽃이 예쁘네요^^ 날씨도 따뜻하고 코로나에 힐링이 좀 되네요~', '선유도공원은 처진 벚꽃이 예쁘요 벚꽃이 활짝 폈어요', '벚꽃이 예쁘고 좋네요']",긍정,0.9707618951797485
영등포_선유도공원,6,25,6_도심_심속_만들_아름답,"['도심', '심속', '만들', '아름답', '특별', '관찰', '이국', '역사', '바탕', '아기자기']","['도심중의 가볼만한 공원으로 보임', '도심속 잘 만들어진 공원', '역사를 바탕으로 잘 만들어진 공원']",긍정,0.9554336667060852
영등포_선유도공원,7,24,7_여름_고요_겨울_규모,"['여름', '고요', '겨울', '규모', '벌레', '조용히', '소풍', '사람', '평화', '돌아다니']","['사람이 없는 8시 이후는 굉장히 조용하고 아늑하다 봄이나 가을 즈음에 가면 벌레도 없고 습도도 적당해서 즐겁게 있다 갈 수 있다 여름이나 겨울은 벌레나 날씨가 장애요인이 될 수 있다', ')곳 여름 산책 코스로 내륙 공원보다 100배 더 추천한다 또한 공원 내 나무와 담쟁이덩쿨이 많은것이 이 곳 만의 특징으로써 풀내음 하나는 왠만한 수목원 만큼 마음껏 느낄 수 있다:) 여름에 와도 섬이라 그런지 바람이 꽤 불어서 시원하다, 여름에 돌아다니는걸 극혐하지만 그나마 물가라 산책해도 덜 힘든(', '확실히 겨울이 한적하며 고요하고 사색하기 좋지만 봄과여름에 많은 사람들이 찾아와서 생기는 활기도 좋다']",긍정,0.9050114154815674
영등포_선유도공원,9,19,9_가족_피크닉_잔디_휴식처,"['가족', '피크닉', '잔디', '휴식처', '편안', '사진', '연인', '돗자리', '대화', '준비']","['사진촬영 하기 좋은 뷰가 많았고 잔디에 앉아 피크닉을 즐길 수 있어 너무좋았습니다 가족나들이 장소로 적극 추천입니다', '가족들과 산책하기 좋은곳', '가족과 산책하기 좋은공']",긍정,0.9928188920021057
영등포_선유도공원,10,18,10_정수장_사용_선유도_설치,"['정수장', '사용', '선유도', '설치', '지역', '시민', '이용', '생태', '시설', '조성']","['신선이 노닐던 선유봉이었다 섬이 아니었고 한강 남쪽에 붙어있던 지역이었다 여의도 개발을 위해 바위와 흙을 캐면서 섬이 되었다 이후 용산 지역 주민을 위한 정수장으로 개발되었다 이제는 공원으로 바뀌었다 한강 남쪽에 설치된 선유교를 걸어서 들어갈 수 있다 한적한 곳이라 기분좋게 산책할 수 있다 나루 카페테리아 2층 건물에서 차 한 잔을 하며 한강 풍광을 차분히 즐길 수도 있다 양화대교 출입구쪽 선유도 이야기 전시관을 꼭 들러보길 추천한다 Seoul My Soul 화장실 인포메이션 센터 건물 내에도 있고, 별도 화장실 건물도 있으니 불편함이 없다', '한강 중하류에 있는 조그만 바위섬이었는데 일본합방시대에 한강의 홍수로 제방을 축조하느라고 암석을 폭파하여 사용하고 해방이후에는 양화대교가 지나고 수도정수장을 설치하여 자연경관이 훼손되었는데 2002년에 정수장 을 해체이전하고 선유도공원으로 개장한후 사시사철 서울시민의 접근하기가 좋은 근린공원이 되었다 한강공원에서 텐트를 설치하고 야영장으로 사용하는것이 보기에 좋지않은 풍경 이다', '* 선유도 가을 단풍과 산책, 노을하늘, 한강뷰 서울시 영등포구 양화동에 소재하는 한강의 하중도 선유도는 본래 선유봉이라는 작은 봉우리 섬으로 일제강점기 때 한강의 홍수를 막고, 길을 포장하기 위한 암석을 얻기 위해 봉우리를 깍아 암석을 채취하던 섬이다 선유도는 1978년부터 200년까지 서울 서남부 지역에 수돗물을 공급하는 정수장이 설치되어 사용되다가 200년 12월 폐쇄된 뒤, 서울특별시가 164억 원을 들여 공원으로 조성하였다 선유도공원에는 한강을 바라보면서 공원을 이용할 수 있도록 양평동 한강시민공원 양화지구와 선유도를 잇는 너비 4∼14m, 길이 469m의 보행전용 교량 선유교가 설치되어 있다']",긍정,0.8439009189605713
영등포_선유도공원,12,16,12_야간_심속_조망_스팟,"['야간', '심속', '조망', '스팟', '코스', '아름답', '도심', '사진', '', '']","['걷기 좋고 사진 스팟이 의외로 많음', '야간산책도 참 좋은듯', '한적하게 산책과 조망을 할수있는 도심속의 휴양지 입니다']",긍정,0.9809712767601013
영등포_선유도공원,14,15,14_자연_구조_훼손_편히,"['자연', '구조', '훼손', '편히', '변신', '친화', '여유', '힐링', '나누', '기존']","['자연친화적이고 데이트하기 좋은곳', '한적하게 담소나누며 자연의 여유로움을 느끼기에 적합한 곳', '기존의 구조와 자연을 훼손하지 않은 아름다운 장소입니다']",긍정,0.9780158400535583
한강_광나루한강공원,0,105,0_주차_기분_추천_강아지,"['주차', '기분', '추천', '강아지', '휴식', '최고', '나무', '주말', '모래', '일찍']","['광나루 공원 아이들놀이터 걷기 드론날리기 장소까지 즐거운 곳 놀이터 아가들 체력단련 놀이터 가 있어요 반려견 동반 환경 강아지와 함께 걷기~ 피크닉 구역 봄날 햇볕 좋은날 김밥에 과일 조금 해서 한강 구경가기 추천~', '준비물 필요없이 산책 걷고 달리고 자전거 족구 농구 배구 축구 배드민턴 연날리기 체육시설 식음료 모든게 갖춰진 서울의 자랑거리 일상 스트레스는 시원한 강바람에 날려가고 한강변 잔디밭에 앉은 가족과 친구와 이웃과는 건강의 자리이자 행복의 광장', '늦게가서 주차는 못했어요 놀이터도 큰 편이고 그물망이 되어 있어 아이들이 좋아하더라구요 특히 모래놀이가 특히 잘되어 있는 것 같아요 모래만 모아 놓은 곳 안에 수돗물 나오는 곳도 있어서 모래로 하고 싶은건 왠만하면 다 할 수 있을 것 같아요 장애인도 쓸 수 있는 그네는 처음 봤었는데 그네 무서워 하는 애들은 좋을 것 같아요 바로 옆에 (가을이라 운영은 안했지만)수영장도 있고 드론운동장 도 있더라구요 그 앞에 나무도 가지런하게 있어서 사진찍으면 예쁘게 나오는 것 같아요 장미꽃을 길 따라서 심어 놓았는데 장미 피는 시기에 가면 좋을 것 같아요 또 조금만 걸어가면 한강이 있어서 좋았어요 추석 연휴에 아이들이랑 같이 갔어요 주차장이 무료로 제공되었는데']",긍정,0.8822674751281738
한강_광나루한강공원,1,46,1_주차장_여의도_생태_다양,"['주차장', '여의도', '생태', '다양', '거리', '라이', '나무', '지역', '조성', '하늘']","['주차장이 있어 들어갔는데 여의도처럼 잔디있고 바로 앞에 한강있고 이런게 아니라 운동트랙이 있다 거의 동네주민이 조깅을 하려고 있는 한강공원이다', '또한 카페, 편의점, 자전거대여, 수영장, 축구장, 테니스장, 생태숲 등이 있습니다 이 한강공원의 좋은 점은 나무와 다리 아래 그늘이 많다는 점이에요 천호역이나 암사역에서 걸어서 갈 수 있는 거리입니다', '12개한강시민공원 중 광나루 한강 시민공원은 서울시의 유일한 상수원 볼호구역으로 각종 수상레저활동이 금지되어있는 물이맑고 깨끗한 지역이다 한강 상류로 부터 유입된 토사가 퇴적되어 자연스럽게 형성된 모래톱과 대규모 갈대군락지로 자연 그대로의 한강모습을 잘 유지하고 있는 곳이다']",긍정,0.9475826621055603
구로_고척근린공원,1,48,1_도서관_체육_놀이터_주민,"['도서관', '체육', '놀이터', '주민', '근린공원', '센터', '놀이', '수영장', '광장', '주차장']","['넓은 공간과 다양한 편의시설, 도서관, 체육센터 등이 함께있어 인근 지역 주민들에게는 너무도 좋은 장소입니다', ""그리고 도서관도 있는데 넓고 참 좋아요 책도 많구 매점도 있구용 ㅎㅎ 공원 입구 건너편에는 ' 두둥 ' 소공원도 있어요 ~ : - ) 소공원안에는 배드민턴장과 놀이터가 있는데 놀이터 새로 만들었더라구요 ㅎㅎ 고척근린공원 참 좋은거같아요 피아노 , 요가 , 베드민턴 , 농구등 여러가지있어서 좋더라구요 : ) 운동기구도 여러가지 있고 공연장도 있답니다 ~ 공연장에서 여름엔 에어로빅도 해요 ㅋㅋ 놀이터도 참 좋더라구요 👍 또 공원 안에 걷기길도 있어서 걷기 참 좋아요 저는 항상 이 공원 갈때마다 생각합니다 : -) 고척근린공원이 제 집 근처 있어서 참 좋다 , 다행이다 라는 생각들이 나곤합니다 ❤ 저녁에 공원 가면 선풍기가 필요없죠 ㅎㅎ 바람이 선선하게 불어옵니다 공원안에는 축구장 , 농구장이 당연히 있구요 체육…"", '고척도서관과 함께 축구장, 테니스장, 농구장, 무대, 놀이터, 산책로, 공용주차장, 구민체육센터가 함께 있어 두루 즐길 수 있어 좋은 공원']",긍정,0.9792706966400146
구로_고척근린공원,2,31,2_경사_놀이_코스_놀이터,"['경사', '놀이', '코스', '놀이터', '불편', '모래', '행사', '어르신', '시장', '도서관']","['어릴때부터 가서 친숙해요~ 작고 아담해요^^ 산책로 경사가 좀 힘들긴한데 운동이다생각하면 괜찮아요', '주차장 완비 도서관 있구 그냥 어린이를 위한 놀이터', '어린이날 행사로 첨 가봤는데 놀이터도 있고 도서관도 있고 괜찮은거 같아요']",긍정,0.8643212914466858
한강_여의도한강공원,2,54,2_한국_빌딩_주차장_시민,"['한국', '빌딩', '주차장', '시민', '외국인', '대표', '볼거리', '대중교통', '스팟', '선착장']","['자전거를 대여해서 탈 수 있고 천천히 걸으며 산책하기에도 좋다 서울의 상징적인 건축물 중 하나인 63빌딩과 남산타워, 국회의사당을 모두 볼 수 있는 좋은 위치의 공원이다 한강을 바라보면서 편안하게 쉴 수 있는 잔디밭, 벤치가 있고 간단히 식사를 할 수 있는 편의점과 패스트 푸드점이 있고, 유람선을 탈 수 있는 선착장이 있다', '서울여의도,에세는매년3,4월이면,63빌딩에세,한강을바라보면서,여의도을거쳐 서강대교지나,국회의사당을지나,윤중로거리지나,KBS방송국본관을지나고,여의도성모병원을지나면,바로63빌딩까지,벗꽃축제가열리고있읍니다,많이들오셔서구경하시면,좋아요,오시는길은전국에서,기차와,지하철,뻐스타고,여의도나루터역에서내리시면됩니다,63빌딩에서한바퀴도는,거리는총3,4킬로되며,걸어서,1시간30분정도걸립니다,연인과,가족나들에는,참,좋아요', '편의점 주차장 화장실 간이샤워시설에 선착장 선상카페 탁트인 공원 가까이에 63빌딩 가족이나 단체 모임하기 너무 좋아요 ^^ 220917 기존 남녀화장실중 몇개는 여성전용화장실로 변경됨, 간만에 마라톤대회로 여의나루역 옆에 주차장이 금방 만차됨, 이 경우 63빌딩 아래 한강주차장에 주차하는게 좋음']",긍정,0.8536121845245361
한강_여의도한강공원,3,19,3_벚꽃_축제_만개_방문,"['벚꽃', '축제', '만개', '방문', '여의', '날리', '인근', '들어가', '빨리', '시즌']","['벚꽃놀이 사람이 너무 많아서 여의도 들어가는 시간만 1시간 걸렸네요 물론 벚꽃은 이뻤어요(4월 6일 방문)', '벚꽃도 예쁘게 펴있고 나들이 가기 좋은 공원 벚꽃 시즌에 방문해서인지 사람이 참 많았다', '벚꽃축제하는 날이라 사진을 찍어보고 떨어지는 벚꽃잎을 봤어요']",중립,0.6460120677947998
강서_우장산공원,0,38,0_장소_가볍_코스_공기,"['장소', '가볍', '코스', '공기', '기분', '센터', '주변', '저녁', '편하', '아침']","['산책하기 딱 좋은 장소입니다', '산책하고 운동하기 좋은 장소예요 ^^', '매일 산책하는 장소입니다']",긍정,0.9849879145622253
강서_우장산공원,1,30,1_정상_반려_코스_화장실,"['정상', '반려', '코스', '화장실', '둘레길', '환경', '이용', '나무', '곳곳', '축구장']","['트랙이 축구장이 보이는 아웃코스 말고 산 정상쪽에 인코스와 산림욕코스가 있습니다', '우장산 몇번가봤지만 여기는 운동하기좋은곳입니딘 운동기구도중간중간에 놓여있고 걷다보면쉴수있는 의자도 있고 맨발걷기코스도있고 푹신한길도 걷고쭉 걷기 좋은길이라 운동하기 도심에 있는곳이라 너무 좋음 화장실 화장실도 갈끔하니좋음 반려견 동반 환경 반려견 산책하기도좋음 피크닉 구역 김밥이나 과일 차 싸들고 운동하로가기 너무좋은곳', '맨발걷기 장소도 있고 운동기구가 많이있어 주민들의 많은 호응이있습니다 놀이터 현재공사중이나 축구장과 배드민트 장과 테니스 장은 사용가능합니다 화장실 깨끗한 화장실이 있어요 반려견 동반 환경 반려견도 같이 운동하고 있어도되요 피크닉 구역 피크닉 구역은 따로 마련되어있어요']",긍정,0.9785937070846558
강서_우장산공원,2,29,2_수영장_놀이터_강서구_동네,"['수영장', '놀이터', '강서구', '동네', '도심', '화장실', '조명', '사계절', '근린공원', '단풍']","['강서구 중앙에 위치해 접근하기 좋고 운동하기 좋은듯', '좋아요, 요즘 수영장 뗌에 자주 가요~ 주차 자리가 항상 없지만 수영장이 좋아서 가게되요', '강서구 화곡동 일대 주민들이 즐겨 찾는 동네산으로 오래된 숲이 좋습니다 화장실 화장실을 뭘 설명하라는건지']",긍정,0.9396141171455383
도봉_서울창포원,0,349,0_가족_공기_장소_가을,"['가족', '공기', '장소', '가을', '관리', '예쁘', '공간', '날씨', '주차', '둘레길']","['가을을 한껏 느낄수 있어서 예쁘긴 한데', '주차는 어렵지만 가족나들이로 좋은듯', '무난하게 예쁘고 사람도 적당히있어서 천천히 구경하기 매우좋습니다 바로옆에도 구경거리가 있어서 근처에서 온 김에 오기엔 괜찮습니다 관리는 적당히 잘 되는거같고 생각보다 넓지않아서 다 둘러보는데 10분정도면 가능합니다']",긍정,0.861079752445221
도봉_서울창포원,1,46,1_식물_창포_조성_정원,"['식물', '창포', '조성', '정원', '공간', '다양', '학습', '나무', '접근성', '습지']","['꽃들이 많이피고 산책코스와 베를린장벽도 관람할수,평화문화진지,창포,습지원등 다양한 식물,연못등 볼거리 많어요', '산책 하기좋아요 여러가지 식물들이 있어 가볼만한 곳', '도봉지하철역 바로뒤편에 있어 접근성이 좋고 창포뿐만 아니고 각종 식물들을 심어 놓아 자연학습에 좋은곳 인근에 평화문화진지와 다락원 체육공원이 있어 한번에 돌아봐도 좋다']",긍정,0.9836874008178711
도봉_서울창포원,2,40,2_피크닉_자연_수목원_구역,"['피크닉', '자연', '수목원', '구역', '주변', '전망대', '체육', '소풍', '편안', '장소']","['피크닉 구역 곳곳에 벤치와 산책하기에 좋은 숲길이 있습니다 도봉산역 옆에 있는 공원으로 정원과 호수가 잘 어우러져 휴식처로 추천합니다', '전망대도있고 산채과피크닉에 좋은곳,식물들이 잘가꾸어져있고 연못이 있어요~ 반려견 동반 환경 반려견동반가능하고 피크닉하기좋아요~ 피크닉 구역 잔디밭이나 큰나무아래 돗자리깔고 하시면될듯', '화장실 깨끗한 피크닉 구역 환경 친화적 매우 넓고 편안한 공원입니다']",긍정,0.9847103953361511
도봉_서울창포원,5,14,5_근교_풍경_지역_자연,"['근교', '풍경', '지역', '자연', '마음', '보이', '둘레길', '도봉산', '주변', '접근성']","['도봉산역2번출구로 나오면 약 50m 떨어진 곳에 서울둘레길안내센터가 있고, 여기에서 서울둘레길 완주 인증도 받을 수 있으며, 2층에 북카페 및 주변에 서울창포원 넓은 정원이 있어 쉬어가기에 안성맞춤인 곳이다', '서울근교 깨끗한 환경과 자연 경치 참 아름답고 누구랑가든 마음편히 힐링 하는공원', '서울 중심권에서의 접근성은 좀 떨어지는 편이나 전철 동봉산역을 가까이 두고있어 방문하기에 큰 불편은없는곳이다 지역주민들의 사랑을 듬북받고있는 창포원 수백종의 식물과 나무들이 어우려져 가족동반 나들이히기에 최적인 장소이다 서울북부에 위치한 창포원 규모는 그리 큰편은 아니지만 주변에 도봉산과 수락산의 뛰어난 조망과 함께하고 있어 공기도 맑고 풍경이 가히일품이다']",긍정,0.9010657072067261
도봉_서울창포원,6,14,6_어린이_무료_놀이터_전망대,"['어린이', '무료', '놀이터', '전망대', '체육', '추천', '잔디밭', '사진', '장소', '주변']","['아직 잘 알려지지 않았지만 계속해서 사람들이 늘고 있음 어린이 물놀이타가 공짜 주변에 푸른 잔디밭도 있고 매우 좋음', '산책하기에 참좋은곳이구요 주변에있눈 다락원 체육시설이있어 어린이와 꼭 험께 다녀가고 싶은 곳입니다', '어린 초등생 자연공부 4계절 및 전망대 옆으로 대전차 방어건물 안보교육장소와 축구장,게이트볼장등 자주이용 하고싶은 장소예요']",긍정,0.9611830711364746
한강_난지한강공원,0,102,0_야구장_라이_가족_가을,"['야구장', '라이', '가족', '가을', '전망', '규모', '피크닉', '하늘', '코스', '방문']","['라이딩중에 휴식하고 목 축이기좋은 장소입니다', '가족들과 피크닉하기 좋은 장소임', '난지야구장, 난지캠핑장 야외 수영장, 하늘공원까지 세트로 경험 가능']",긍정,0.9901732206344604
한강_난지한강공원,2,22,2_피크닉_강변_구역_월드컵,"['피크닉', '강변', '구역', '월드컵', '하늘', '도로', '최고', '자연', '핑장', '거닐']","['여긴 코로나만 괜찮아지믄 캠핑장에서 노지캠핑느낌으로 고기궈먹고 한강 감상 및 요트나 윈드서핑등 각종 레져 선수들 장비나 훈련 모습구경가능해요 텐트치고 한강에서 노는건 정말 포근한 느낌을주고, 아이들 자전거 서킷도 있고 흙장난할수있는 큰 흙놀이터도 구비되어있어요 공원규모가 꽤크니 주차시 즐기실 용도에 맞추어서 근처에 주차하심을 추천드려요', '규모부터 비교할 곳이 없을 정도로 크고 시설들도 끝내주며 볼거리도 다양하고 자연과 어우러져 큰 한강을 끼고 있는 난지공원은 그냥 거닐기만해도 힐링이 되는 최고의 공간이다 특히 바로 옆에는 하늘공원, 노을공원과 월드컵 경기장 그리고 문화비축기지까지 끼고 있어 안그래도 큰 규모가 더욱더 커서 아침 일찍 자리를 잡고 천천히 자연을 만끽하면 이런 장소들을 돌아본다면 이만한 휴식이 없을 정도로 최고다 각종 스포츠 시설들과 캠핑장까지 있는 난지한강공원', '단지 난지한강공원 자체를 즐기러 가는 것도 좋지만, 그 주변에 있는 하늘공원, 서울월드컵경기장 등 다른 공원/시설들과 함께 코스에 넣어 즐긴다면 좀 더 효율적이고 알찬 경험을 할 수 있을 것입니다 개인적인 팁을 적자면, 따뜻한 계절에 방문하시는 분의 경우 주변 공원을 거닐다 보면 가족이 함께 나와 피크닉을 즐기는 것을 쉽게 볼 수 있는데, 이런 따뜻한 광경을 쉽게 볼 수 있다는 점이 이 장소의 또다른 장점이라고 생각합니다 한강과 함께 조화를 이루고 있는 수풀은 굉장히 아름다우며, 강변을 따라 천천히 거닐며 주변의 분위기를 느끼는 일 또한 즐거운 일입니다']",긍정,0.8508458137512207
송파_올림픽공원,1,112,1_자연_도심_휴식_힐링,"['자연', '도심', '휴식', '힐링', '역사', '사계절', '전망', '공간', '산책로', '사람']","['도심속 아름다운 자연공간이 일품인 장소', '잘아시죠 올립픽공원은 도심속에 휴식공간', '도심속의 자연을 느낄수 있어 좋다']",긍정,0.9739838242530823
송파_올림픽공원,2,83,2_평화_대표_올림픽_시내,"['평화', '대표', '올림픽', '시내', '최고', '자연', '시설', '축복', '분위기', '방문']","['아이들을 데리고 서울 시내의 자연을 즐길 수 있는 최고의 장소 중 하나', '공원은 규모가 크며 아름다운 산책로, 조각품, 평화로운 녹지가 있습니다 휴식을 취하거나 사진을 찍거나 분위기를 즐기기에 좋은 장소입니다 우리는 서울올림픽공원을 방문하여 자연, 예술, 역사가 어우러지는 것을 정말 즐겼습니다', '- 올림픽공원 세계평화의 문: 79피트 높이의 랜드마크 문으로 그 아래에는 영원한 불꽃인 평화의 횃불이 있어 민족의 화합과 화합을 상징합니다 오늘날에도 많은 스포츠 시설이 여전히 다양한 스포츠 행사에 사용되고 있으며 이곳에서는 일년 내내 많은 축제가 열립니다 이 조경 공원은 1988년 하계 올림픽을 개최하기 위해 건설되었습니다']",긍정,0.9677624106407166
송파_올림픽공원,3,48,3_자전거_피크닉_반려_즐기,"['자전거', '피크닉', '반려', '즐기', '동반', '사람', '환경', '장소', '구경', '잔디밭']","['놀이터 큰 지역 반려견 동반 환경 개에게 좋다 이 공원은 도심에서 벗어나 하이킹과 산책을 즐기기에 완벽한 곳입니다 많은 지역 주민들이 산책, 피크닉, 자전거 타기를 즐깁니다', '경비원 출입 금지 화장실 깨끗하고 편안해요 반려견 동반 환경 나는 주변에 개 몇 마리를 보았다 피크닉 구역 잠깐 앉을 수 있는 작은 매트를 가져왔어요 놀이터 깨끗하고 친절한 자연이지만, 아이들은 운동장 안에서 놀 수 없습니다 올림픽 공원은 자전거, 피크닉, 산책을 즐기기에 최고예요', '원래는 그냥 산책만 하고 싶었는데, 공원이 이렇게 넓고 아름다울 줄은 몰랐어요 벚꽃철과 가을에는 더욱 아름다울 거예요 가족과 함께 잔디밭에서 피크닉을 하거나, 햇볕을 즐기거나, 자전거를 탈 수도 있습니다']",긍정,0.9113398194313049
송파_올림픽공원,4,46,4_장소_아침_최고_힐링,"['장소', '아침', '최고', '힐링', '코스', '날씨', '가족', '엄지', '단점', '운동화']","['아침 산책코스 선거후 오후에,', '도심 한가운데서 힐링할 수 있는 장소~', '공원산책 장소로는 최고ᆢ']",긍정,0.9095573425292969
송파_올림픽공원,5,36,5_최적_장소_저녁_일상,"['최적', '장소', '저녁', '일상', '햇살', '변화', '매년', '비추', '아름답', '인상']","['운동 산책에 최적화된 곳', '애견과 산책하기에 최적의 장소', '산책하기 최적의 장소']",긍정,0.9689924120903015
송파_올림픽공원,8,19,8_가을_나무_피어나_언덕,"['가을', '나무', '피어나', '언덕', '일몰', '멋지', '공기', '장소', '여름', '야외']","['아침 산책이나 야외 활동을 즐기기에 이상적인 장소입니다 작은 언덕과 강, 그리고 수많은 나무들로 조경된 드넓은 잔디밭이 펼쳐져 있습니다', '해질무렵 몽촌토성 길을 한바퀴 산책하면 세속의 번뇌를 내려놓게되고 토성안 잔디밭 벤치에 앉아 나무들을 보면 정화되는 마음이 되는 곳 봄에 피는 벚꽃이 일품이고 가을 단풍또한 최고임 아마도 전철타고 올 수있는 국내 최고의 공원일듯', '아직 또 다른 산 하이킹을 하고 싶지 않다면 자연 속에서 멋진 산책을 즐길 수 있는 정말 아름다운 곳입니다 작은 언덕 위에서 바라보는 일몰은 롯데타워에서 보는 일몰과 크게 다르지 않으며, 그 결과 사진은 덜 붐비고 좀 더 솔직하며 멋지고 향수를 불러일으키는 분위기를 풍깁니다 도시의 분주한 중심부에서 조금 벗어난 이곳의 공기는 더 깨끗하고 신선하며 계절마다 아름다운 경치를 자랑합니다']",긍정,0.9668647050857544
송파_올림픽공원,9,16,9_장미_핑크_정원_코스모스,"['장미', '핑크', '정원', '코스모스', '지금', '몽촌', '예쁘', '광장', '감탄', '종종']","['핑크뮬리, 황화코스모스 모두 다 좋습니다 사시사철 산책하기 좋은곳인데요 평화의 광장, 몽촌호, 야생화학습장, 몽촌토성, 나홀로나무, 피크닉장, 송파둘레길, 성내천, 88호수, 들꽃마루, 장미광장, 위례성길', '제가 지금까지 가본 장미 정원 중 가장 아름다웠어요', '걷기도 걷기도 좋고 장미공원에 장미도 예쁘네요']",긍정,0.98312908411026
송파_올림픽공원,12,10,12_자전거_산책로_돌기_체력,"['자전거', '산책로', '돌기', '체력', '바퀴', '탁트인', '성내천', '연결', '전체', '대여']","['산책로가 잘 조성되어 있고 자전거를 빌릴수도 있습니다', '전체적으로 산책로가 넓고 탁트인 느낌을 받을수있으며 한바퀴를 다돌기엔 좀 힘이들수도있다', '넓어서 자전거 타기도 좋고, 걷는 거']",중립,0.5501677393913269
광진_어린이대공원,0,2817,0_놀이_대기_주차_가족,"['놀이', '대기', '주차', '가족', '시설', '주말', '방문일', '장소', '예약', '기구']","['아이와 가족끼리 가볍게 다녀올 수 있는 곳 방문일 주말 대기 시간 대기 시간 없음 예약 권장 아니요', '주차는 어렵지만 동물원이 무료라서 아이들과 걷기 좋은 장소입니다 방문일 주말 대기 시간 대기 시간 없음 예약 권장 아니요', '동물원과 놀이공원이 있어서 아이가 좋아하고 벚꽃이 만개해서 저도 만족하고 다녀왔습니다 방문일 주말 대기 시간 대기 시간 없음 예약 권장 아니요']",긍정,0.9593609571456909
광진_어린이대공원,1,59,1_한창_벌써_아름다우_어우러지,"['한창', '벌써', '아름다우', '어우러지', '흐드러지', '피어나', '풍진', '친우', '천지', '좀더']","['지금 한창 벚꽃이 만개 하였습니다', '벌써 벚꽃이 예쁘게 피어나고 있어요', '그 무엇보다 벌써 봄이왔슴을 알려주는 아름다운 매화꽃들이 피어있어서 보기 좋았습니다 3월6일 아차산역에 내려 후문으로 입장해서 곳곳을 쭉 둘러보았는데요']",긍정,0.9388843774795532
양천_서서울호수공원,0,98,0_사람_예쁘_주차_텐트,"['사람', '예쁘', '주차', '텐트', '관리', '가까워', '동네', '가족', '둘레길', '가을']","['운동하는 사람들도 있다는걸 알아주길', '좋은만큼 사람들도 많이 모여요', '넓고 깨끗한데 사람이 많음']",긍정,0.9127199053764343
양천_서서울호수공원,1,57,1_근처_사람_너구리_가족,"['근처', '사람', '너구리', '가족', '공사', '추천', '동네', '주차장', '견과', '반려']","['관리하는 측에서도 좀 제지하든가 해야지, 원 시민의식이 사라진 못 볼꼴 보고 기분 상해서 바로 자리 떳네요😔 근처에 산도 있어서 사진 하는 사람들이라면 가보는 것 추천드립니다 제에에발 부탁인데 애들 동반하는 부모들아 개념이란게 있음, 아이들이 물가 주위의 생물을 함부로 채집 못 하게 하세요 표지판 앞에서 잡는건 좀 씨게 선 너무었는데', '대신 화장실과 같은 편의시설은 괜찮음 사람 많고 주말에도 근처에 큰 건물공사중이라 산책하는 동안 계속 시끄럽다', '좋아요~ 앉을곳도 많고요 대신 식당은 가까이 없으니깐 먹을꺼 챙겨가던지 아님 역근처로 나오셔야 해요 커피는 앞에 작은 카페가 있으니 거기서 드셔도 되고요 비행기 소리나면 작동하던 분수대 작년에 공사중이던데 공사 끝났겠죠']",중립,0.6951725482940674
양천_서서울호수공원,2,42,2_반려_동반_화장실_피크닉,"['반려', '동반', '화장실', '피크닉', '강아지', '환경', '호수', '놀이터', '가능', '물놀']","['운동하기에 호수공원을 끼고 있어 뷰가 너무 좋아요 화장실 깨끗해요 반려견 동반 환경 동물들도 함께 할수 있어요 피크닉 구역 네 가능합니다', '세곳에 시설이 있고 깨끗하고 넓어서 사용하기 좋아요^^ 반려견 동반 환경 반려견과 산책하기 좋고 넓은 잔디광장이 있어서 많은 반려견이 모여서 서로 교감하기도 좋아요^^ 피크닉 구역 여러곳에 피크닉을 할 수있도록 해놓아서 사용하기 좋아요^^ 넓은 공원안에 호수가 있어 편안함을 주고 산책로와 정원이 잘되어 있어 반려견과 산책을 하기에도 좋은 곳이에요^^ 그리고 호수 옆에 음식을 가져와서 먹을 수있는 평상도 잘되어 있고 정문 앞 분식집에서 떡복이랑 오뎅 순대등을 사다가 먹어도 맛있더라구요^^ 놀이터 아이들이 놀 수 있도록 잘 꾸려진 놀이터가 있어요^^ 화장실 정문 옆에랑 호수 앞이랑 후문 쪽', '아이들과 함께 놀거나 운동하기 좋아요~^^ 연인들도 좋고요~ 놀이터 아이들이 놀기 좋은 놀이터가 있어요~^^ 화장실 화장실은 살짝 지저분한데 사용할만해요 반려견 동반 환경 강아지와 산책하기 좋아요 피크닉 구역 호수 앞에 피크닉할만한 장소 있어요~ 넓고 좋아요~']",긍정,0.9852862358093262
양천_서서울호수공원,3,42,3_비행기_분수_소음_공항,"['비행기', '분수', '소음', '공항', '호수', '착륙', '김포', '생각', '항공기', '지나가']","['공원이 크고 좋으나 비행기 소음이 심함', '결론 : 소음도 음악이 되는 곳 - 서울 주거지에 있는 멋진 공원 - 사실 이 주변 동네는 김포공항에서 들이는 비행기 이 착륙 소음이 심각한 곳인데, 복지성 인프라가 생겨 좋음 - 비행기 소음을 인식해 비행기가 뜰 때마다 호수의 분수가 작동하는건 좋은 아이디어 - 공원 내 농구 코트, 야구장 등 인프라가 아주 좋음 - 그러나 주변에 식당이나 먹거리가 한참 부족 - 교통도 좋은 편은 아님 - 가까운 곳에 스타벅스가 있어서 커피 한 잔 사와서 산책하기 좋음 - 주차장은 있지만 자리가 적어서 경쟁이 심함', '넓고 정돈 잘 된 공원이며 비행기 지나갈 때마다 분수가 켜지는 색다른 공원이예요']",중립,0.5863697528839111
양천_서서울호수공원,4,36,4_장소_가볍_도심_부근,"['장소', '가볍', '도심', '부근', '참으로', '괜찮', '공기', '장애', '건강', '공간']","['산책이나 운동하기 좋은장소', '산책하기 좋은 장소입니다', '산책 하기 좋은 장소']",긍정,0.9867052435874939
양천_서서울호수공원,5,33,5_장소_주차_코스_다니,"['장소', '주차', '코스', '다니', '가볍', '저녁', '산보', '사계절', '정성', '자전거']","['저녁 산책 자주 다니는 곳', '산책다니기좋음 주차 힘듬', '장소 좋음 주차 시설 별로']",긍정,0.8191410303115845
양천_서서울호수공원,6,31,6_느낌_개구리_조경_아침,"['느낌', '개구리', '조경', '아침', '바람', '지역', '아름답', '공기', '햇살', '풍경']","['동네 근처라면 정말 산책하기 좋을 것 같은 공원이에요 선유도공원 같은 느낌도있고 조경이 잘 되어 있어서 분위기가 좋아요', '매일 가는 공원이지만 갈때마다 새로운 느낌도 주지만 새싹이 나고 꽃이 피기 시작하면 늦게까지 꽃을 볼수도 있고 꽃이 지고 나면 예쁜 열매들이 달려 있는 것이 계절을 말해 주고 있지요 지금의 열매는 얼었다 녹았다 색바랜 산수유 열매와 고개를 위로 올려봐야만 보이는 양버즘내무 열매 이열매로 장난도 많이 치면서 놀기도 하였는데 봄이면 딱딱한 열매가 서서히 갈라지듯이 하나씩 씨앗은 바람의 도움을 받아 이사를 하는데 이사도중에 날리는 열매의 먼지 같은 날개가 사람들에게 알레르기를 일으킨다 해서 지금은 나무를 많이 베어 열매를 많이 볼수가 없지만서서울공원에서는 볼수있다 가까운 곳에 있는데도 모르는 사람이있고 알면서도 안가본사람도 있을것이다 잠시 시간내어 가볼만한곳이다', '계절에 맞게 개구리 울음소리도 들리고 산책로도 잘 되어있어서 가족끼리 나들이 하기에 아주 좋으며 공기도 아주 좋아요']",긍정,0.9613121747970581
양천_서서울호수공원,7,31,7_비행기_소음_소리_시끄럽,"['비행기', '소음', '소리', '시끄럽', '분수', '착륙', '가까이', '구경', '지나다니', '가동']","['비행기 관심있으신분들은 아주 좋을것 같습니다', '호수있는공원 넓고산책하기좋음 비행기소음이심함', '비행기소리 소음으로 시크러움']",긍정,0.6238908767700195
양천_서서울호수공원,9,26,9_조성_테마_친환경_신월동,"['조성', '테마', '친환경', '신월동', '개장', '호수', '양천구', '위치', '부천', '경계']","['능골산을 숲으로 복원하고 등산로를 정비하였다 이후 물과 재생을 주제로 한 친환경공원으로 조성하여 2009년 10월 개장하였다 비행기소음을 활용한 소리분수, 추상 미술기법을 도입한 몬드리안정원, 100인의 식탁 등을 설치되어 있다', '*4번출구에서 버스정류장(16192) 653번 버스타고 서서울호수공원 정류장(15338) 하차 2009년10월에 개장한 서서울호수공원은 양천구의 옛 신월정수장에 ‘물’과 ‘재생’을 테마로 조성된 친환경공원입니다', ""또한 부천시와 경계를 이루는 능골산 또한 건강한 숲으로 복원하고 등산로를 정비하여 함께 공원으로 조성하여 여의도공원, 양재 시민의 숲에 버금가는 규모를 자랑하며 서남권 최대 규모의 테마공원으로 다시 태어났습니다 이후 청소년 유스타운 건립, 임대주택 건립, 영어체험마을 건립 등 다양한 개발계획이 거론되었으나 2006년경 서울의 지역 간 불균형을 해소하고 서남권의 대표적인 테마공원을 만들어 지역 활성화의 발판을 삼고자 최종적으로 공원을 조성하기로 결정되었습니다 2009년 10월 개장한 서서울호수공원은 양천구 신월동에 위치한 옛 신월정수장을 공원 조성 사업을 통해 '물'과 '재생'을 테마로 한 친환경공원입니다""]",긍정,0.7401024699211121
양천_서서울호수공원,11,24,11_유일_가을_예쁘_도심,"['유일', '가을', '예쁘', '도심', '참으로', '동산', '가슴', '느끼', '부담', '자전거']","['평평한 동산이라 트레킹에 부담이 없고, 탁트인 전망에 가슴이 뻥 뚫리는 느낌입니다', '가을 단풍이 곱게 물든 어 참으로 아름다운 풍경을', '접근성및 환경, 미관 모두 좋아요^^ 이근처 유일한 서민공원']",긍정,0.9579489827156067
양천_서서울호수공원,12,21,12_호수_자연_산책로_풍경,"['호수', '자연', '산책로', '풍경', '친화', '중심', '정원', '조화', '쉼터', '아름답']","['이곳은 과거 정수장으로 사용되어 지던것을 활용한 아이디어와 가성비가 뛰어난 시설입니다 도심지에 이런 자연친화적인 공원시설이 있다는 것은 이용자로서 행운입니다', '잘 만든 산책로 곳곳에 잘 배치된 운동기구와 쉼터등에 공원 중앙에 있는 넓은 호수가 적절히 조화로운 장소', '숲속의 정원과 특별한 이색 호수 분수, 야구장과 산책로와 넓은 공원 안에 들판과 농구골대와 높지 않은 숲안의 운동기구쉼터가 있습니다']",긍정,0.9636605381965637
양천_서서울호수공원,14,16,14_조성_만드_가꾸_겨울,"['조성', '만드', '가꾸', '겨울', '소풍', '가을', '가볍', '정원', '자주', '코스']","['공원 잘 조성되어 운동과 산책하기 좋은 공원입니다', '코스는 짧지만, 잘 조성된 공원으로 산책하기 좋은곳', '자주 산책하게 만드는 공원']",긍정,0.9710644483566284
양천_파리공원,0,72,0_동네_공사_단장_광장,"['동네', '공사', '단장', '광장', '생기', '전체', '근처', '예쁘', '새로', '여유']","['얼마전 수리를 통해 예쁘게 잘 단장되었습니다', '새로 단장해서 예쁘고좋습니다', '04 공사하고 공원 개편했는데 공원 내 헬스장생기고 전체적으로 깔끔해졌습니다 파리공원 레전드입니다 22']",긍정,0.9900751709938049
양천_파리공원,1,48,1_코스_분수_공사_너무너무,"['코스', '분수', '공사', '너무너무', '최근', '가족', '카페', '놀이터', '동네', '여름']","['어렸을때부터 다니던 공원이라 너무너무 좋아함 가족단위 나들이도 좋고, 혼자 공원에서의 여유를 즐기기 좋음', '중앙에 무대 건물은 좀 오래되었고 관리가 잘 안되어서 화장실도 낡고 지저분함 넓은 분수대와 농구대, 운동기구, 산책 코스, 작은 무대까지 마련되어 있음', '여름엔 분수도 나오고, 가족끼리 가벼운 운동 및 산책에 좋습니다 최근에 공사해서 도서카페도 생겼어요']",긍정,0.9708753824234009
양천_파리공원,2,32,2_시민_도심_동네_주택가,"['시민', '도심', '동네', '주택가', '크기', '주민', '느낌', '심속', '정원', '가깝']","['주택가에 위치한 넗고 잘 설계된 주민의 휴식처로서 편의 시설이, 완비된 공원', '시민의,시민에 의한,시민을 위한 공원', '도심 한가운데 소규모 공원으로서 시민의 건강에 큰 도움이 되고 있습니다']",긍정,0.9786534309387207
양천_파리공원,5,23,5_조용히_아침_휴식_저녁,"['조용히', '아침', '휴식', '저녁', '가볍', '바람', '날씨', '즐기', '벤치', '그늘']","['그닥 넓지않지만 조용히 산책하기엔 안성맞춤 입니다', '아침운동 , 산책에 시설 및 관리가 잘되어있음', '아침 저녁으로 운동하기 좋은곳']",긍정,0.8774205446243286
양천_파리공원,6,20,6_분수_광장_피크닉_카페,"['분수', '광장', '피크닉', '카페', '농구장', '대표', '코트', '여름', '의자', '연못']","['농구장,헬스장, 작은도서관, 화장실, 산책로,분수등 보유 피크닉 구역 의자와 책상이 있어 앉아 쉴수있으며 위에 가림막이 있다', '여름에 분수 멋지고 공원이 광장도 크고 산책로도 길고 농구장코트도 많음', '최근리모델링 쉴수있는 분위기좋은 카페형 야외테이블과 의자가 인기 농구장, 야외무대, 작은 도서관, 카페형 문화공간 등 최고급시설 작지만 알찬 시설로 꽉찬 멋진공원']",긍정,0.9836657643318176
양천_파리공원,7,17,7_나무_사계절_활기_오픈,"['나무', '사계절', '활기', '오픈', '언제나', '만점', '역사', '공연', '다양', '재미']","['다양하게 편하게 즐겁게 쉴 수 있는 공원입니다', '삼나무숲에서 힐링 만점입니다', '공간 오픈형 공원 재미 공연 운동 가능']",긍정,0.9917941689491272
성동_달맞이공원,0,27,0_계단_날씨_화장실_가능,"['계단', '날씨', '화장실', '가능', '달맞이', '보이', '사람', '감상', '출구', '전망대']","['밤에도 산책가능하도록 잘 정비되어 있고 금호동 대우아파트쪽으로 진입하면 유모차로도 전망대까지 다녀올수 있음', '밤에 오면 한강 야경감상도 가능합니다 놀이터 적당한 사이즈의 놀이터 & 체육시설이 있어요 화장실 놀이터 바로 옆 화장실이 있어서 사용하기 편리합니다 반려견 동반 환경 산책로가 조성되어 강아지들도 많이 지나다닙니다', '10분이면 오를만한 공원으로 계단을 오르면 전망대도 있고 포토스팟도 있고 운동기구도 있어서 여러 사람들이 올라와서 즐길 수 있는 달맞이공원임 자주는 아니지만 가끔 오르면서 공원을 잘 활용하면 좋을 것 같음 2024년 봄에 날씨 좋아 올랐더니 개나리가 피기 시작했다']",긍정,0.8120529055595398
영등포_여의도공원,-1,6,-1_마라톤_야광나무_참여_구역,"['마라톤', '야광나무', '참여', '구역', '봄꽃', '멋있', '허파', '아름답', '피크닉', '계절']","['여의도공원 근로자의날 걷기마라톤', '현대차 아이오닉 마라톤', '지구런마라톤 참여- 보문동자치회 이주언 이숙임 함께 피크닉 구역 한강공원 양화지구 여의도지구']",긍정,0.8672599196434021
영등포_여의도공원,0,921,0_산책_도심_운동_장소,"['산책', '도심', '운동', '장소', '공간', '가족', '광장', '여유', '휴식', '시설']","['도심의 공원은 감사함이죠~♡♡ 점심시간이라 샐러리맨들 산책도 하고요 간간이 길가공영주차장 10분에 100원ㅎ', '여의도 근무하는 사람들 점심 식사 후 산책하기 좋은 도심 내 인프라', '강쥐와 산책 자주가는곳 도심 중님에 이렇게 산책하기 좋은 곳 차기 쉽지않아요']",긍정,0.6719301342964172
영등포_여의도공원,1,27,1_한국_휴식_대표_정원,"['한국', '휴식', '대표', '정원', '여유', '공간', '시내', '대한민국', '빌딩', '파크']","['한국의 대표적인 대형 공원', '한국정치의 중심지인 국회의사당, 주요 방송사의 본부, 그리고 금융의 중심인 한국거래소가 있는 여의도의 한가운데에 남북으로 길게 형성되어 있는 생태공원, 휴식공원, 산책로 역할을 훌륭하게 수행하고 있는 공원 한국을 대표하는 좋은 나무들도 많이 심어져 있는 곳', '9㎞의 산책로가 조성되어 시민의 휴식공간과 문화행사의 공간으로 이용되고 있다 [한국민족문화대백과] 현황 공원에 인접한 한강 둔치의 체육 · 오락 · 휴식 시설이 함께 갖추어져 있는 까닭에 서울시내 유수의 청소년 모임의 장이 된다 공원 주변에는 KBS · 동아일보사 · LG사옥 등의 방송과 증권업무의 특화된 건물들이 모여 있으며, 여의도의 한강유람선이 발착하는 노들나루, 63빌딩 등과 더불어 서울의 관광명소의 한 곳으로 정착해 가고 있다']",긍정,0.9470457434654236
동대문_배봉산근린공원,0,401,0_산책_둘레길_운동_정상,"['산책', '둘레길', '운동', '정상', '데크', '코스', '배봉산', '산책로', '만들', '시설']","['둘레길을 1시간 정도 산책할 수 있다', '둘레길이 너무 잘되어 있어서 산책하기 너무 좋음', '산책하고 운동하기 좋아요~']",긍정,0.9891834259033203
중구_남산공원,0,457,0_버스_남산_올라가_사람,"['버스', '남산', '올라가', '사람', '자전거', '경치', '정상', '아름답', '사진', '풍경']","['자전거코스가좋고 신당동에서 남산가는 버스 다시 생겻으면좋겟습니다', '밤에 버스를 타고 남산공원에 갔어요 많은 사람들이 여기도 올라와 있었어요', '그리고 남산공원입구에 가는 버스도 있다 교통편은 남산타워 바로 아래까지 사는 노란버스가 있다 버스편에 비해서 사람이 너무 많다']",3,0.716392457485199
중구_남산공원,1,151,1_남산_시내_풍경_아름답,"['남산', '시내', '풍경', '아름답', '방문', '도심', '장소', '시민', '가을', '중심']","['아름다운 서울 남산입니다', '남산서울타워 정상에서 서울 시내를 볼 수 있다', '남산타워에서 서울 시내를 바라볼 수 있어 가족 나들이에 적합합니다']",긍정,0.9873243570327759
성동_서울숲공원,1,60,1_나무_도심_조성_관리,"['나무', '도심', '조성', '관리', '공간', '힐링', '장소', '잔디', '규모', '자연']","['도심속의 푸른공원 숨쉴수잇는 공간', '도심에서 힐링할 수 있는 숲이 있는 귀한 공간입니다', '다양한 공간조성으로 도심내 숲을 즐길 수 있은 곳']",긍정,0.9813292026519775
성동_서울숲공원,2,54,2_서울숲_시민_친구_나무,"['서울숲', '시민', '친구', '나무', '가족', '여유', '자연', '도심', '벚꽃', '아름답']","['서울숲은 4계절내내 예쁜 꽃과 나무들이 잘 정리되어있고 잔디밭과 벤치등 여유롭게 즐길수있어서 좋타 넓어서 볼거리도 많고 나무와 꽃이 너무 예쁘고 아름답게 가꿔져있다 주말에는 사람이 너무 많아 힘들지만 평일에는 여유로운편이다', '서울숲 너무 아름답고 넓어서 수중, 육지 생물들과 어우러져 있어 아이들, 가족, 연인, 친구 두루두루 즐겁게 가서 힐링할 수 있어요^^ 앞으로도 쭉 아름답게 잘 가꿔나가는 서울숲이 되었으면 해요 ㅎㅎ', '도심속의 멋진 휴식공간인 서울숲공원 혹은친구들과 만나 여유롭게지낼수있는']",긍정,0.9722266793251038
성동_서울숲공원,5,48,5_도심_계절_엄청_피크닉,"['도심', '계절', '엄청', '피크닉', '공연', '동물', '생각', '장소', '바람', '즐기']","['4계절 어느 계절이나 그 시기에 맞추어 우리에게 좋은 쉼을 주는 가까운 도심 쉼터 ^^', '당연히 계절마다 분위기도 다르고 낮도 좋지만 밤에가면 정말 예뻐요 생각보다 엄청 크고 넓습니다', '도심 속 아름다운 공원이에요']",긍정,0.9719488024711609
성동_서울숲공원,6,40,6_튤립_예쁘_벚꽃_여름,"['튤립', '예쁘', '벚꽃', '여름', '가을', '나무', '새싹', '봄날', '목련', '명소']","['튤립이 예쁘게 피어있네요 4월에 튤립 보러가세요', '예쁜 튤립이 형형색색 너무 예쁘게 피었어요', '아기자기한 공원입니다 튤립가든이 예쁘요']",긍정,0.954788088798523
성동_서울숲공원,9,26,9_자전거_천천히_대여_경험,"['자전거', '천천히', '대여', '경험', '돌아보', '다니', '꽃사슴', '분수', '사람', '이용']","['천천히 산책을 하고 여유롭게 사진을 찍거나 자전거를 타기 좋은 곳입니다 숲이라기보다는 나무가 많은 공원 느낌이에요', '걸으며 힐링하기 너무 좋은길~ 단 ""자전거는 내려서 걸어가세요""라는표지판이 무색하게 유유히 자전거를 타고 다니는 사람들 때문에 미간이 찌푸러지기는 하지요', '푸른 나무와 넓은 잔디 공원이 깨끗하고좋았는데 대여해서 타고다니는 자전거(2인용)때문에 보행 하기 불편했어요 ㅠ 도로에 자전거 전용인지 표시 잘해주시면 좀더안전한 서울숲이용에 편안할거같아요']",중립,0.7578924298286438
성동_서울숲공원,10,18,10_편리_접근성_멋있_장소,"['편리', '접근성', '멋있', '장소', '조명', '적당히', '교통', '저녁', '다양', '운동']","['조명이 적당히 밝고 예쁘서 저녁에도 산책하기 좋았습니다', '접근성 좋고 넓고 편리하다', '교통도 편리하고 접근성도 좋아서 산책하기 좋은 장소 입니다']",긍정,0.991557240486145
성동_서울숲공원,11,17,11_사슴_토끼_구경_금지,"['사슴', '토끼', '구경', '금지', '구역', '다리', '가득', '가능', '풍경', '꽃사슴']","['여러가지 테마로 숲을 조성해 놓아 산책하기도 좋고, 사슴 목장에서 사슴 구경도 할 수 있음 한강공원 연결통로를 통해 한강을 오갈 수 있어 좋아요', '산책하기 좋고 사슴방목장에서 사슴에게 먹이 줄 수 있습니다', '지금은 나비정원 및 곤충식물원이 공사 중이라서 못봅니다만 그래도 워낙 넓어서 괜찮습니다 사슴이랑 토끼를 비롯해 꿀벌도 있으며 각종 꽃과 나무가 다양하게 있습니다 산책다니기 좋으며 편의시설도 잘 되어있고 관리도 잘 되어있습니다 화장실 곳곳에 있음 반려견 동반 환경 좋음 피크닉 구역 금지 구역 외 가능 (금지 구역은 팻말로 써있음)']",긍정,0.9562197327613831
성동_서울숲공원,12,17,12_반려_동반_강아지_견과,"['반려', '동반', '강아지', '견과', '환경', '피크닉', '화장실', '모습', '친구', '애견']","['화장실 여러곳에 있고 비교적 깨끗해요~ 반려견 동반 환경 반려견과 산책하기 좋아요~ 피크닉 구역 돗자리깔거나 평상( 새벽에 걷기 좋은 서울숲♡ 낮보다 사람이 적고 조용해서 좋아요~ 놀이터 미끄럼틀 재미있어요 )같은 곳도 있어요~ 자리가 좋은 곳은 장소가 빨리 차서', '암튼 자전거 킥보드 뛰어놀수있는 공간이 있어서 좋았음 화장실 조금 해매기는 했으나 공용화장실치고는 깨끗하고 넒었음 반려견 동반 환경 넒은 잔디밭에 강아지랑 뛰어놀수있는 공간도 있어 많은 사람들이 반려견을 데리고 나와 목줄을하고 즐거운 하루를보내고있어 집에 있는 우리 강아지 생각이 남 한번 같이 동행해보고 싶었음 피크닉 구역 돗자리 의자들을 가지고 나와 그늘에 앉아서 준비한 음식을 나눠먹는 모습이 좋았음 다음센 우리도 도시락준비^^ 부럽다 생각함 맛집 투어중 들른곳 나무도 무성하고 엄청넒고 곤층 사슴 토끼우리도 있어서 가족 단위로 많은 사람들이 나와 산책을 즐기는 모습이 아주 좋았음 놀이터 아이들이 놀수있는 물놀이장', '자녀들과 다녀왔는데 너무 좋네요 서울에 이런 곳이 라고 생각할 정도 입니다 반려견 동반 환경 반려견과 많이 다니네요']",긍정,0.901204526424408
성동_서울숲공원,13,17,13_서울숲_경마장_구경_수인,"['서울숲', '경마장', '구경', '수인', '성수동', '분당선', '뚝섬', '녹지', '단풍', '먼저']","['5km쯤 걷다 성수대교 근처에서 서울숲공원으로 꺽어 모처럼 공원을 산책하였다 가을 단풍을 보았다면 더 멋졌을 것을 하는 아쉬움이 있었지만 그래도 좋았다 4호선 인덕원 역에서 승차하여 사당역에서 2호선으로 갈아타 선릉에서 다시 수인분당선으로 갈아타고 서울숲역에서 하차하여 먼저와는 반대의 방향으로 관람하였다', '■ 산책 코스 ㅇ 서울숲 산책후 ㅡ (목련꽃, 벚꽃, 살구꽃 만개) ㅡ 응봉산 개나리꽃 ㅡ 살곶이다리 ㅡ 송정제방의 벚꽃 구경후 회귀 ■ 만남장소 : 서울숲역(수인분당선) 3번 출구 10시 (역사내) ■ 일시 : 3/ 30 서울숲 꽃구경하며 산책후 응봉산에서 봄의 전령사 개나리꽃 만개한 향연을 즐깁니다', '경마장으로 사용하다 경마장을 과천 현 경마장으로 이전하고 이곳에 나무를 심고 호수 등을 만들고 경마상을 설치해 서울숲 이라했다 서울숲공윈은 서울시 성수동 뚝섬에 있는 유원지로 경마장 자리다 기념식수 표석이 있는 데 그 표석에 2008년 한국 대통령과 중공 주석 명의 표석이다']",긍정,0.785936713218689
한강_양화한강공원,1,99,1_피크닉_화장실_사람_주변,"['피크닉', '화장실', '사람', '주변', '가족', '선유', '구역', '즐기', '여의도', '장소']","['놀이터 설마 화장실 예 반려견 동반 환경 나는 몇 마리가 끈에 묶여 있는 것을 본 것 같다 피크닉 구역 예 가족과 함께 또는 혼자서 꼭 보고 경험해 볼 만한 공원입니다 매우 흥미롭고 공원 디자인이 독특해서 정말 좋습니다', '강변을 따라 잘 정비된 공원이 있으며, 피크닉 공간, 시립 수영장, 반려견 놀이터, 지구 전체를 둘러싼 22km 길이의 자전거 도로, 보행자 구역, 벤치, 화장실, 분수, 야외 체육관, 미니마켓 등이 있습니다 도시 주변을 순항하는 보트도 이 공원에서 출발합니다', '모레바닥 아니고 우레탄 화장실 중간중간에 공중화장실 있음 반려견 동반 환경 반려견 동반 가능 피크닉 구역 거의 모든 구역 가능 중간중간 편의점도 있고 공중 화장실도 있으며 양화대교 아래에는 운동기구들이 있어서 유용함 2, 9호선 당산역과 9호선 선유도역이 근접해 접근성도 좋음']",긍정,0.9819719195365906
한강_양화한강공원,2,21,2_자전거_운동_아침_부근,"['자전거', '운동', '아침', '부근', '시설', '멋있', '코스', '여의도', '조깅', '항상']","['접근성 좋고, 주변 볼거리 많고, 여유로운곳 자전거타기도 좋고, 산책하기도 좋고, 운동하기도 좋다 양화대교에서 여의도 방향은 아침 해돋이도 멋있고, 양화대교에서 성산대교 방향은 저녁 일몰 풍경이 멋있다', '자전거타며 한강을 지나갈때 아름다운곳', '산책 및 자전거타기 좋은곳']",긍정,0.9780362248420715
한강_양화한강공원,3,17,3_자전거_장소_데이트_도로,"['자전거', '장소', '데이트', '도로', '코스', '국회', '철교', '증권', '도보', '주요']","['산책하거나 자전거 타기에 좋은 곳이에요', '자전거 타기 좋음 🚴\u200d♂️', '걷고 자전거타기 좋음 가는길이 힘듬']",긍정,0.6657074093818665
한강_양화한강공원,4,12,4_운동_전환_기분_바람,"['운동', '전환', '기분', '바람', '지켜보', '런닝', '장소', '특히', '거리', '강물']","['산책하고 운동하기 좋은 장소입니다', '런닝하거나 기분전환하기좋은 곳', '아직 날씨은 바람이 차서 쌀쌀했지만, 산책하며 기분전환으로 아주 좋았습니다']",긍정,0.957323431968689
구로_푸른수목원,5,49,5_식물_나무_계절_장미,"['식물', '나무', '계절', '장미', '종류', '다양', '아름답', '편하', '마음', '단풍']","['갖가지 많은 종류의 식물들과 예쁜 환경 호젓이 걷기에 좋은곳입니다', '나무와꽃 종류도많구요 너무깨끗하고마음에들어요', '각종 나무들과 꽃의향기가 마음을 편하게하고 계절마다 바뀌는 꽃이있어 더 좋다 지금은 장미가 너무도 아름답고 향기에 취할수 있답니다']",긍정,0.9765228629112244
구로_푸른수목원,7,23,7_잔디밭_구역_피크닉_잉어,"['잔디밭', '구역', '피크닉', '잉어', '식물원', '도서관', '카페', '자연', '식물', '반려']","['무료입장 주차장 사용료 있음 입구에 카페있음 다양한 식물들과 친절한 이름표들 산책하기 좋음 연못에 다양한 색깔의 잉어 구경 계절 바뀔 때 마다 자연의변화를 아름답게 즐길 수 있음', '구석에는 작은 온실식물원이 있고, 식물원 옆의 뒷문은 현재는 운행하지 않는 철길이 있어 오류역까지(는 가봄) 연결되어 있다 포고 유저들에게는 포켓스탑이 많고 나름 체육관도 4개나 있큰 좋은 파밍장소 잔디밭 옆에는 작은 도서관과 카페가 있음', '놀이터 수목원 놀이터 반려견 동반 환경 수목원이 있어서 산책하기 매우 좋음 피크닉 구역 수목원 잔디밭 가능 낮은 층수대와 넓은 평수를 가진곳 답게 부지 대비 사람이 적어서 조용하고 살기 좋고 바로 앞이 넓은 수목원과 낮은 뒷산 그리고 천왕산이 있어서 운동 하기도 좋음 뒤쪽 하천으로 가면 자전거 라이딩으로 한강까지 갈수 있고 그 근처만 타도 하천 구경하면서 라이딩하기 좋음']",긍정,0.9726095795631409
구로_푸른수목원,8,19,8_지금_산보_나무_근처,"['지금', '산보', '나무', '근처', '자주', '괜찮', '기찻길', '운치', '식물원', '풍경']","['근처에 항동철길이 있어 다녀와봤습니다~ 겨울이라 앙상한 나무들만 많고 볼거리가 별로없어요~ 실내활동할곳도 없고 카페도 15분정도 걸어가야 1곳 나오네요', '산보하기좋고 사진찍기도 괜찮긴한데 근처 공사중이라 공기가 막좋진않더라구요 수목원내에 식물원에서 벌레에 물리지않게 조심하세요', '6월부터는 기차운행예정이라고 되어있던데 문제는 푸른수목원이 이 기찻길옆이라 더욱 가치있었던것인데요 지금 이 기찻길 바로옆을 재개발하는것같더라구요 운치는 간데없고 먼지가 많고 코스모스는 혙체도 없이 사라졌습니다 그러나 수목원 관리는 정말 잘 하는것이어서 지금도 자주 갑니다']",중립,0.7809841632843018
구로_푸른수목원,10,13,10_중앙_구역_도심_피크닉,"['중앙', '구역', '도심', '피크닉', '코로나', '둘레길', '물고기', '관리', '편안', '가깝']","['코로나 시대에 가볍게 산책하기 좋은공원입니다', '관리잘되고 있는 공원이며 휴식하기 좋은곳 추천합니다', '참 좋은 공원입니다 피크닉 구역 호수 둘레길']",긍정,0.990196168422699
구로_푸른수목원,11,11,11_겨울_볼거리_시기_식물,"['겨울', '볼거리', '시기', '식물', '정비', '나무', '모습', '입장료', '계절', '변화']","['생각보다 크고 식물 종류가 다양해서 볼거리가 많아요 정원이 아름다웠습니다 방문일 주말 대기 시간 최대 10분 예약 권장 아니요', '입장료가 없어요 그래서 계절마다 바뀌는 수목원을 맘편하게 찾아서 구경할 수 있어요 꽃도 나무도 수목원향기도 계절마다 달라서 변화한 모습을 찾는 재미도 쏠쏠해요 철길따라 길게 뻗은 공원이 산책하기 정말 좋아요', '수목원이 항동철길과 바로 연결되어 있구요, 기차가 다니지 않는 철길이라 철길 걸으면서 사진도 찍고 추억 남기기 좋을것 같아요 아마 개화 시기와 맞지 않았기 때문일 것 같은데, 4월말부터는 푸릇푸릇한 나무와 항동저수지 주변이며, 산책하기 정말 좋을 것 같다는 생각이 듭니다 03) 제가 방문했던 시기에는 중앙 잔디밭 정비중이었고, (4월 중순 이후에 정비 마치고 오픈 예정이라 했습니다) 벚꽃 시즌도 전이어서 수목원 내에 볼거리가 그렇게 많지는 않았어요']",긍정,0.8601849675178528
서대문_서대문독립공원,0,29,0_역사_운동_자락_생각,"['역사', '운동', '자락', '생각', '나무', '사람', '방문', '도서관', '사진', '독립관']","['남녀노소 가리지않고 운동과 산책을 즐길수 있는곳이며 역사공부를 할수있는 곳이다', '민족의 아푼 역사이지만 살아있는 역사의 유물이기도 함 도서관도 있어서 가족 역사여행지로 추천', ""최근엔 안산 자락길 조성에 따라 초입으로서 등산객들이 많이 찾고 있기도 합니다 그래서 낮 시간엔 '독립문'을 보러온 사람들이 있고, 저녁 시간엔 공원에서 운동을 즐기는 사람들이 많습니다 서대문독립공원은 외부에서 멀리 찾아오는 사람들이 있다보기는 동네 주민들이 즐겨 이용하는 장소입니다""]",긍정,0.8622274398803711
강남_도산공원,4,33,4_이용_날씨_주말_아침,"['이용', '날씨', '주말', '아침', '기구', '조용히', '도시', '보내', '젊은이', '시내']","['주말 아침 산책의 최고장소', '산책하고 운동하기 좋은 아름다운 곳이에요 그냥 산책하거나 다양한 기구를 이용해 운동하기에도 정말 좋아요 저희 두 아이와 한 아이도 운동하고 뛰어놀기 좋아해서 정말 좋았어요', '산책하러 오거나 공용 운동 기구를 이용해 운동할 수 있어요']",긍정,0.9891225695610046
종로_인왕산,0,97,0_등산_바위_계단_오르,"['등산', '바위', '계단', '오르', '운동', '구간', '출구', '내려오', '사진', '공기']","['등산로가 대부분 계단으로 단장되어 등산하기 편한 코스 여러 등산코스가 있고 중간중간 사찰과 약수터 그리고 운동기구등이 갖추어져 지루하지 않게 운동할 수 있다 아침운동으로 등산하기 가장 적합한 곳', '3호선 독립문역에서 출발하여 안산에서 시작, 무악재 하늘다리를 지나 인왕산을 거쳐 북악산으로 이동 이름부터가 남다르듯 호랑이의 기운을 느낄 수 있음과 동시에 성곽과 바위를 따라 오르는 매력이 있는 멋진 산 높지 않아 트래킹처럼 많은 시민들, 관광객들이 찾는 산 체력과 시간에 여유가 있다면 북악산으로 이동하여 청와대 방향으로 하산하시는 것도 추천합니다 일부 밧줄을 잡고 올라야 하는 가파른 구간이 있으니 높이가 낮다고 만만히 볼 산은 아닙니다', '경복궁역 1번 출구로 나가면 둘레길로 해서 등산할 수 있는 코스가 있어요 바위가 많아서 조금 미끄럽긴한뎅 등산화 또는 밑창이 미끄럽지 않은 운동화 착용하시면 안전하게 등산 할 수 있을거 같아요 등산하고 내려오니 좋으네요']",긍정,0.8116769790649414
종로_인왕산,1,51,1_전경_등산_경치_산로,"['전경', '등산', '경치', '산로', '오르', '산행', '성벽', '청와대', '아름답', '사진']","['지하철에서 내려 15분 정도 오르막길을 걸어 등산로 입구까지 간 후, 성벽을 따라 1시간 정도 걸었습니다 성벽을 따라 ""계단""으로 이어지는 길이 있는데, 도시로 내려가는 길에 시도해 볼 수 있습니다 서울의 아름다운 전경을 한눈에 담을 수 있었습니다', '가벼운 등산하기 좋은산 여러 코스가 존재하며 이번 등산은 경복궁역 1번출구에서 시작해서 자하문으로 내려오는 코스로 선택 해발고도가 낮아 쉽지만 초반부터 시작되는 경사가 조금은 힘들수도 그렇지만 올라서 보는 서울 전경 경복궁, 남산, 한강, 롯데타워는 속이 시원해집니다~', '파란색 등산로는 유모차를 끌고 가기 좋고, 빨간색 등산로는 멋진 경치를 감상할 수 있습니다 두 등산로 모두 서울이 내려다보이는 멋진 전망대로 이어집니다 이 사진들은 산 동쪽에 있는 등산로에서 찍은 사진입니다']",긍정,0.9375383853912354
강동_허브천문공원,1,143,1_허브_천문_식물_주변,"['허브', '천문', '식물', '주변', '향기', '자산', '강동구', '관리', '사람', '사진']","['5시이후에 놀러가면 공원주변에 주차도 가능하고 사람도 생각보다 많지 않아요 몇일전 허브공원에 갔는데 허브관련 식물들이 많이 자랐고 이젠 꽃들도 제법 많이 폈더라고요 허브식물특성인 쌉싸리한 향기도 나고 참 좋았어요', '허브 공원 자체는 넓지는 않지만, 일자산 둘레길 등 허브 향기가 진하고 관리가 잘되어있습니다', '아래 사진들을 보시면 한 겨울에 허브를 어떻게 관리하는 지를 잘 보여주고있습니다 국내에서 강동구 허브천문공원처럼 허브 월동 관리를 잘하고 있는 곳을 보지 못했습니다 강동구 소재 허브천문공원은 보물이네요']",긍정,0.8373993039131165
강동_허브천문공원,2,125,2_전망_저녁_도심_코스,"['전망', '저녁', '도심', '코스', '장소', '보이', '공기', '가볍', '운동', '축복']","['전망도 강이 보이거나 멀리까지 내다 보이는게 아니라서', '편안하게 걸을 수 있고 전망이 좋음', '전망이 좋아요, 잘 꾸며 놓았고요']",긍정,0.9847283959388733
강동_허브천문공원,4,20,4_강남_복판_기리_도심,"['강남', '복판', '기리', '도심', '강동구', '자연', '패션', '보석', '위치', '일자']","['강남에서 산책하기 좋은곳', '강남 한복판에 공원', '도산안창호 선생님을 기리는 강남에 있는 조용하고 작은 공원']",긍정,0.8276607990264893
강동_허브천문공원,8,16,8_허브_냄새_향기_가을,"['허브', '냄새', '향기', '가을', '예쁘', '정말로', '멋있', '런닝', '코스', '들어오']","['갖가지 허브향이 정말 좋은곳입니다', '봄에 오면 허브향이 정말 좋습니다', '멋진뷰와 잘 꾸며놓은 허브 산책할만합니다']",긍정,0.989702582359314
한강_망원한강공원,0,967,0_사람_운동_화장실_날씨,"['사람', '운동', '화장실', '날씨', '주차', '돗자리', '공간', '텐트', '주변', '피크닉']","['나들이가기좋은 곳 사람이너무많아 ㅜㅜ', '뷰도좋고 여의도보다 사람도 없고 좋음', '사람들이 너무 많고 좁아요']",중립,0.5632996559143066
동작_보라매공원,0,1155,0_공사_가족_놀이터_도심,"['공사', '가족', '놀이터', '도심', '공간', '반려', '강아지', '화장실', '이용', '주변']","['넓고 관리 나름 잘되는 큰 공원 놀이터 어린이 놀이터 있음 화장실 있음 반려견 동반 환경 가능 피크닉 구역 모름', '아직 공사중이라 하나 뺏지만 도심에서 보기힘든 크고 쾌적한 공원', '반려견 놀이터가 있고, 중앙 편의점 이용 가능 환경미화 및 공원 관리는 잘되는 편임 주차는 늘 자리부족']",긍정,0.6913838982582092
동작_보라매공원,1,56,1_시민_공간_생각_연못,"['시민', '공간', '생각', '연못', '박람회', '정원', '다양', '공군사관학교', '규모', '반려']","['화단, 맨발걷기, 트렉, 반려견 놀이터, 놀이터, 항공기, 잔디밭, 암벽등반, 스케이트 보드연습장, 각종 스포츠코트, 바둑, 연못(분수쇼), 편의점 등 공원으로서 갖춰야할 것은 거의 모두 갖춘 공원입니다 화장실 공원내 여러곳 위치, 깨끗하게 관리되고 있음 서울서남권에서 가장 규모가 넓고 접근성 좋고 관리가 잘 되고있는것 같네요', '넓은 잔디 운동장과 트랙, 연못, 축구장, 반려견 놀이터, 전투기 전시공간 등 편하게 산책하기에도 좋고 운동하기에도 좋습니다 과거 공군사관학교가 있던 곳으로 여타 일반 공원에 비해 여러가지 다양한 시설들이 있습니다 빌딩 숲으로 둘러싸인 서울 한복판에 이런 공간이 있다는 것이 다행입니다', '주요 시설물로는 대운동장을 비롯하여 잔디광장 ·독서실 ·청소년수련장 ·소동물원 ·체육관 ·수영장 ·장애자복지관 ·남부노인종합복지관 등이 있으며, 그 밖에 연못 ·녹지 ·산책로 ·조깅코스 등이 마련되어 있다 공군사관학교로 쓰여오다가 1985년12월 서울시에서 인수, 1986년 5월에 복지시설 위주의 시립공원으로 개원하였다 따뜻한 사랑이 너무치는 곳, 관악구를 더욱 멋진 지역으로 만들어 주는 곳, 사계절 모두 좋습니다']",긍정,0.9727392792701721
용산_용산가족공원,1,69,1_미군_용산_도심_자연,"['미군', '용산', '도심', '자연', '위치', '느낌', '국립', '박물관', '시설', '근처']","['용산 미군 기지 근처, 서울의 번잡한 도심에서 벗어난 아름다운 곳입니다 피크닉에 더할 나위 없이 좋습니다', '메인 포스트와 사우스 포스트로 구분되며, 단순히 공원만 조성하는 것이 아니라 메인 포스트에는 주한미국대사관과 서울특별시교육청을 이전시키고 사우스 포스트는 각종 박물관 및 문화시설을 유치시킨다는 계획이다 미군기지가 있던 자리를 243만 제곱미터 규모의 공원으로 조성하고 각종 복합시설을 유치할 예정이다 ""서울특별시 용산구에 주둔 중인 대부분의 주한미군 기지가 2017년 말까지 평택시 캠프 험프리스로 이전함에 따라, 공터로 남는 이 곳을 활용하기 위해 계획된 국가 공원', '지금은 그 일대에 용산 미군기지, 서빙고로, 용산가족공원이 조성되어 있어서 옛 문헌을 따라 경관을 상상하기가 어렵게 되었다 이렇듯 서울 이촌동(옛 둔지동, 서빙고동 포함)의 경관은 달라졌지만, 미군기지 담장을 공원 경계로 하고 있는 용산가족공원은 주변의 도시구조물들과 상반되는 녹지대가 있어 많은 시민들이 찾는 도시녹지 공간인 공원으로 이용되고 있다 ""조선시대 둔지미마을 ~> 일본군 연병장 ~> 용산 미군골프장 ~> 용산가족공원"" 목멱산(남산)에서 한강을 향해 뻗은 구릉의 이름은 \'둔지산\'이라고 한다']",긍정,0.9176223278045654
한강_잠원한강공원,0,449,0_편의점_가족_화장실_주차,"['편의점', '가족', '화장실', '주차', '공간', '야경', '즐기', '바람', '친구', '수영장']","['친구, 가족과 함께 시간을 보내기에 최고의 야외 공간이에요 저희처럼 음식을 배달시켜 먹을 수도 있고, 직접 술을 가져와서 마실 수도 있어요 봄/여름은 한강과 주변 사람들을 구경하기에 가장 좋은 계절이에요', '운동시설도 잘되어있고 주차장에 주차하고 편의점 에서 커피한잔 좋음', '반포지구보다 방문객이 적어 붐비지 않아 좋음 놀이터 어린 아이들이 좋아할만함 화장실 공공화장실 관리가 꽤 잘 되어 있음 반려견 동반 환경 반려견이 정말 많음 피크닉 구역 잔디에 돗자리와 오픈형 텐트 설치 가능']",긍정,0.9580288529396057
한강_잠원한강공원,1,15,1_한족_한국_파크_부담없이,"['한족', '한국', '파크', '부담없이', '리버사이드', '', '', '', '', '']","['서울 시민이 부담없이 찾을 수 있는 공원', '한족의 가장 좋아하는 부분', '대만의 리버사이드 파크와 마찬가지로 한국에서 가장 아름다운 스타벅스가 있습니다']",긍정,0.9816237688064575
서초_청계산매봉,1,55,1_훤히_경기_서울대_위치,"['훤히', '경기', '서울대', '위치', '의왕시', '분당', '전경', '남쪽', '시야', '경기도']","['상적동과 원지동을 ㄷ자 모양으로 순환하고 싶다면 청계산입구역 - 매봉 - 망경대 - 이수봉 - 정토사 코스를 택하면 된다 등산로에서는 관악산, 과천, 경마공원, 성남, 분당, 롯데타워, 서초, 강남, 경부고속도로 등을 조망할 수 있음', '서울 서초구와 경기 성남시, 의왕시, 과천시에서 쉽게 접근 할 수 있는 582m, 산행 시간은 대략 1시간 반 정도면(오를 때만) 오를 수 있는 산이예요 청계산의 실제 정상은 군 시설 때문에 접근이 불편하지만 정상의 높이는 619m 입니다 청계산 등산 중 청계사와 서울대공원을 둘러 볼 수도 있어요', '서울 서초구와 경기 성남 과천 의왕시에서 접근이 쉽고 흙산으로 가벼운 차림의 산행이 용이~매봉 정상에서 바라보는 서울 북쪽이 전경이 한눈에 들어오는 풍광이 뛰어난 곳~산행시간도 2~3시간 내외로 잠깐이면 다녀올 수 있는 산']",긍정,0.8683193325996399
마포_문화비축기지,1,27,1_한국_문화_여유_힐링,"['한국', '문화', '여유', '힐링', '둘레길', '데이트', '예술', '휴식', '대기', '공간']","['오후 산책에 좋은 예술 및 문화 행사를 위한 아름다운 장소입니다 바쁜 서울 생활에서 잠시 휴식을 취하고 싶다면 이곳을 방문하여 평화로운 휴식을 취하는 것이 좋습니다 방문일 평일 대기 시간 대기 시간 없음 예약 권장 아니요', '한국의 좋은 문화공원', '제가 한국에 4개월간 머물면서 가장 좋아하는 곳이었습니다 대기 시간 대기 시간 없음']",긍정,0.8925780057907104
마포_문화비축기지,2,11,2_산책_조용히_평화_바람,"['산책', '조용히', '평화', '바람', '장소', '나무', '겨울', '보내', '사람', '']","['조용하게 산책하기 좋은곳', '조용하게 산책하기 좋은곳', '산책하기 한적한 장소']",긍정,0.97266685962677
중랑_사가정공원,-1,31,-1_주변_사가정_느낌_숲길,"['주변', '사가정', '느낌', '숲길', '다니', '이용', '아파트', '조성', '주민', '공사']","['용마산 주변 주민들 산책다니기 좋아요', '역주변에 접근성좋아요 숲길로 다이어져있어서 한참 아파트 주변이 나 공원 공사중 이네염 올라오셔야지 숲이 쥬', '저희집 주변 가까이 위치한곳 이번에 전동휠체어 다니게 새롭게 꾸며서 걷기 불편한 모든이들이 걷기 좋게 조성되어 더욱더 좋아요']",긍정,0.9796465039253235
중랑_사가정공원,0,73,0_동네_힐링_도심_사가정역,"['동네', '힐링', '도심', '사가정역', '행복', '도시', '휴식', '하산', '강아지', '사람']","['도심 속 아주 훌륭한 힐링 장소임', '도심 공원에 넓고 아늑한 힐링 공간', '도심속 이동네에는 그나마 쉬기 좋은곳']",긍정,0.9669574499130249
중랑_사가정공원,1,16,1_기구_산행_기분_놀이터,"['기구', '산행', '기분', '놀이터', '물들', '새벽', '어린이', '둘렛', '단풍', '최고']","['공원은 용마산 올라가는 초입에 있으며 초급자는 망우삼거리쪽 데크 산책로를 이용할수 있고 용마산 등산길도 어렵지 않습니다 여러곳에 운동기구와 족구장 배드민턴장들 체육시설도 다양합니다', '도심과 가까운곳의 편안한휴식처이자 아이들놀이터와 어르신들만남의장소로 산책로와 곳곳의 운동시설 치유의숲까지 남녀노소할것없이 온가족의 휴식처입니다 가볍게 용마산과 망우산,아차산까지두루두루 올라갈수있어 주말이면 등산객들로 붐비는곳이기도합니다 시간날때 한번씩방문해보세요 요즘은 단풍도곱게물들고 있어서 등산할재미도 배가되는시기입니다', '자연과 더불어 다양한 놀이기구가 있는 놀이터를 아이가 즐거워 해요 다만 더운 여름 날 아쉬운 부분이 그늘이 져서 시원하게 앉을 넓은 평상과 같은 면적이 부족하다는 것과 물이 더 많이 흐른다면 참 좋을 것 같다는 생각이 듭니다']",중립,0.6269622445106506
한강_잠실한강공원,0,714,0_자전거_산책_장소_잠실,"['자전거', '산책', '장소', '잠실', '바람', '화장실', '공간', '시설', '최고', '즐기']","['자전거타기 좋고 산책 및 운동하기 좋아요', '자전거, 달리기, 산책 모두 좋음', '자전거 라이딩 장소 코스중하나 중간에 치킨집 편의점 잔디가 있고 차다니는 도로쪽에 화장실 있습니다 사진찍기좋고 뷰가 좋습니다']",긍정,0.9871298670768738
한강_잠실한강공원,1,20,1_도시_자연_강과_매일,"['도시', '자연', '강과', '매일', '시민', '강의', '중보', '특히', '잠실', '남산']","['서울을 관통하며 흐르는 한강 물줄기를 따라 자전거를 타는 사람, 조깅을 하는 사람, 가볍게 산책을 즐기는 사람, 반려동물과 함께 시간을 보내는 사람 등등 찬 겨울바람을 온 몸으로 느끼며 확 트인 한강을 바라보면서 걷기 좋은 곳 서울 시민에게는 정말로 소중한 공원', '가장 폭도 넓고 특히 잠실대교에서 청담대교를 바라보는 방향은 남산타워와 삼성아이파크 코엑스등 조명뷰도 좋고 특히 노을 질때의 뷰가 너무 아름답습니다 한강공원중 뷰로서 최고는 잠실한강공원이라 생각합니다', '한강의 주하천 남한강의 원류는 강원도 태백산맥 금대봉 정상부 북쪽비탈에서 발원하여 태백시를 지나 양평에서 북한강과 만나 강화해협을 통과 서해로 유입되는 한반도를 동에서 서로 통과하는 국내에서 4번째 길고, 가장 많은 유역면적을 가진 한반도에서 제일 넓고 큰 강이며 남산,북한산과 함께 서울의 3대자연이다 1980년대부터 시작된 한강정비사업을 진행하며 수중보와 넓은 둔치와 한강공원들이 조성됐다 서울 통과 구간은 김포시에 설치된 신곡 수중보에 의해 물이 찬 상태에서 일정 수준 이상으로 수위가 유지된다']",긍정,0.9524610042572021
광진_아차산생태공원,0,516,0_운동_예쁘_화장실_산책로,"['운동', '예쁘', '화장실', '산책로', '가을', '소나무', '생각', '접근', '단풍', '가깝']","['운동 및 산책하기 딱 좃은곳 입니다', '아주 능선이 착한 둘레길이고 예쁘게 꾸며져있으며 화장실도 깨끗함', '가을단풍도 좋고 산책하기 좋은 데크도 편안하게 다니기 좋아요']",긍정,0.9927102327346802
광진_아차산생태공원,1,59,1_전경_상태_달빛_동부,"['전경', '상태', '달빛', '동부', '체육', '들어오', '계획', '구리시', '명산', '모습']","['대중교통 접근성이 좋으며, 주차는 근처 평일에는 간신히 가능할 수 있으나 주말에는 기대를 않는 게 좋음 서울 둘레길 코스와 연계해서 계획을 짜는 것이 좀 더 알찰 수도 아주 쉽게 서울 전경을 즐길 수 있는 곳', '생태공원 초입부터 아차산을 오르면 서울의 전경과 한강, 구리시까지 한 눈에 들어온다', '워커힐 인근에서 시작해서 아차산 주변 둘레길이 아름답게 조성되어 날씨 좋은날 산책하기 좋다 주요 시설로는 생태공원, 만남의광장, 황톳길 및 지압보도, 소나무숲, 약수터, 생태관찰로, 파고라 등이 있다 한국관광공사: 서울특별시에서 공원녹지확충 5개년 계획에 따라 조성된 아차산생태공원은 시민과 학생들에게 자연을 접할 수 있는 기회와 자연생태계 학습장 및 체험공간을 제공하고 있다']",긍정,0.7528690099716187
강남_율현공원,2,20,2_그늘_주변_부족_걷기,"['그늘', '주변', '부족', '걷기', '코스', '힐링', '아파트', '감사', '조성', '운동']","['산책하며 그늘이 필여해요', '주변 저층아파트에 조용하고 넓어요', '조용하고 한적하나 그늘을 피할 곳이 부족합니다']",중립,0.4890989363193512
강북_북서울꿈의숲,5,61,5_전망_날씨_전망대_하늘,"['전망', '날씨', '전망대', '하늘', '전체', '행복', '아름답', '조경', '만들', '공기']","['또한 높은 위치에 있어 전망 또한 좋음', '전체적으로 깨끗하고 전망도 좋아요', '전망이 좋아요, 잘 꾸며 놓았고요']",긍정,0.9908784031867981
강북_북서울꿈의숲,8,54,8_벚꽃_허브_예쁘_장미,"['벚꽃', '허브', '예쁘', '장미', '향기', '가을', '종류', '정원', '다양', '맛집']","['봄에 벚꽃이 좋지요', '벚꽃이 너무 예쁘게 피어있어요 오늘이 제일 예쁘데요', '봄이면 벚꽃이 예쁘게 펴요']",긍정,0.9650713801383972
강북_북서울꿈의숲,9,36,9_선선_휴식처_가볍_스트레칭,"['선선', '휴식처', '가볍', '스트레칭', '휴식', '담소', '중심부', '부담없이', '한가로이', '가을']","['휴식처, 힐링공간, 산책코스', '선선하니 산책하기 좋은 곳입니다', '요즘날씨가 선선해서 산책하기좋다']",긍정,0.9889128804206848
강북_북서울꿈의숲,13,23,13_가볍_아여_런닝_걷기,"['가볍', '아여', '런닝', '걷기', '도서관', '기억', '코스', '녹지', '편하', '조용히']","['가볍게 산책하기 좋네요', '가볍게 산책하기 좋습니다', '가볍게 산책하기 좋다']",긍정,0.9787940979003906
강북_북서울꿈의숲,14,23,14_조용히_아름답_평화_은근,"['조용히', '아름답', '평화', '은근', '전환', '마음', '그만큼', '나뭇잎', '고요', '스팟']","['강남에서 조용히 산책할수있는곳', '아이들과 조용히 산책하기 좋습니다', '조용히 산책하기 좋은곳']",긍정,0.9815373420715332
강북_북서울꿈의숲,18,20,18_시야_동네_아빠_도심,"['시야', '동네', '아빠', '도심', '포켓', '압구정동', '그림', '중심', '탁트인', '휴식처']","['운동하기 좋은 동네 공원 우리동네 숨은 귀한 공원', '시야가 확 뜨인 공원입니다', '넓은 잔디와 탁트인 시야']",긍정,0.9388194680213928
강북_북서울꿈의숲,19,20,19_대박_거닐_편히_추억,"['대박', '거닐', '편히', '추억', '물놀이장', '최적', '물놀', '편의', '야외', '어린이']","['아이들과 거닐기 좋은 곳', '아이들이 야외물놀이장 즐거워해요', '아이들과 함게 물놀이 대박']",긍정,0.9843369126319885
강북_북서울꿈의숲,22,19,22_친구_피크닉_소풍_즐기,"['친구', '피크닉', '소풍', '즐기', '가족', '호수', '장소', '자연', '특히', '매일']","['전망대도 휴식하기에 좋고 탁트인 경관이 좋습니다 다양한 허브화단이 많아 공부도 되고 아름다워서 좋아요 피크닉 구역 데크에서 피크닉하기 좋아요', '가족단위 피크닉에 좋은 장소 호수 주변으로 돗자리 깔기 좋은 그늘이 형성되어 있고, 탁트인 풍경으로 시원해지는 기분이다', '전망대도 있고, 숲 주변으로 등산 기분을 느낄 수 있는 산책길들, 사슴공장 등등 너무 잘 만들어진 공원입니다 :) 관리도 너무 잘하셔서 항상 푸르른 나무와 꽃들이 행복하게 만들어주네요 주말이면 메인거리에서 연인, 친구끼리 피크닉을 즐기거나 아이들과 물놀이를 즐기러 온 사람, 강아지 산책하러 나온 사람 등등 정말 이 주변에 사는 모든 분들이 나와 여가를 보내는 것 같아요 개인적으로 노을질때의 북서울꿈의숲을 좋아합니다']",긍정,0.9860377907752991
강북_북서울꿈의숲,23,19,23_운동_조깅_공용_장소,"['운동', '조깅', '공용', '장소', '매일', '최적', '기구', '느끼', '저녁', '놀이']","['쾌적한 운동하기 딱 좋은곳', '운동하기 너무좋은 곳', '산책하기 좋고, 운동하기도 좋고']",긍정,0.9906591176986694
강북_북서울꿈의숲,26,14,26_식물_언덕_나무_조성,"['식물', '언덕', '나무', '조성', '오래', '허브', '자산', '아기자기', '자라', '젊은이']","['가깝게 일자산 공원도 즐기기 좋아요 높진않지만 주변 환경들을 볼 수 있고 가볍고 산책 그리고 식물과 꽃들을 볼 수 있어요', '정말 오래만에 방문했는데 넓지는 않지만 숲이 나름 잘 조성되어있고 주변거리에는 젊은이들도 코로나시대 답답함을 극복하려는듯 많이 나와있는 모습 볼 수 있었습니다 동상은 설립된지 오래되었는데 잘 관리가된 것 같아보입니다', '원형 트랙 주변에 데크와 전망대는 강동, 하남일대를 조망하는 멋진 랜드마크입니다 낮은듯한 언덕 위에 자리한 허브천문공원은 작지만 다양한 식물들로 아기자기하게 꾸며져 있어요 밤에 오면 더 멋지구요']",긍정,0.9580819010734558
강북_북서울꿈의숲,27,13,27_향기_냄새_허브_정말로,"['향기', '냄새', '허브', '정말로', '조형물', '후문', '고요', '들어오', '가을', '조명']","['저녁, 밤에도 산책하기 좋은곳 허브 향기가 아름다운곳', '허브향기 맡으며 산책하면 필링됨', '풀 냄새 나고 허브냄새도 나고 밖에서 냄새들이 들어오니 참 좋아요']",긍정,0.9799278974533081
강북_북서울꿈의숲,31,11,31_연인_가족_친구_데이트,"['연인', '가족', '친구', '데이트', '나들이', '자주', '사진', '햇빛', '어르신', '구성']","['깔끔한 구성과 물과 숲 모두 아름다운곳 데이트 및 가족나들이로 강추드립니다', '산책하기도 좋고 깔끔하게 잘 정돈되어 있어서 가족 연인끼리 다니기 너무 좋은 것 같습니다', '사진찍기에도 정말좋아서 출사오기도 좋아요 가족 연인 누구랑 와도 좋은 곳입니다']",긍정,0.9917274713516235
강북_북서울꿈의숲,32,11,32_나무_오솔길_발자취_나무숲,"['나무', '오솔길', '발자취', '나무숲', '더위', '천천히', '유모차', '그늘', '생각', '개인']","['산책하기에도 좋고, 도산 안창호 선생의 발자취를 조금이라도 느끼고 생각할 수 있어서 참 좋은 곳이라 생각됩니다', '숲이 잘 우거져 있어 더위에두 나무숲 그늘에서 산책할수 있어 좋구요', '가족,연인과 잠시 눞고 싶은 나무 숲그늘~ 열거하기 너무길다']",긍정,0.8315844535827637
강북_북서울꿈의숲,33,10,33_도심_조각_근린공원_도시,"['도심', '조각', '근린공원', '도시', '아담', '자연', '시민', '느끼', '위치', '이용']","['도심속의 자연을 느끼며 힐링할 수 있는 공원', '도심내 최고의 근린공원', '아름다운 공원, 도시의 멋진 자연 조각']",긍정,0.9901358485221863
강북_북서울꿈의숲,34,10,34_초록_아래_그늘_바퀴,"['초록', '아래', '그늘', '바퀴', '땡볕', '풀어놓', '여름철', '운동', '정상', '겨울']","['그늘아래 의자두니 너무시원하고 놀이터도 있고 킥보드탈수있는것도 좋으네요', '조용히 걷기좋아요~ 건물숲에 갇혀살다가 초록초록 여유를 느끼는 곳 ♡', '걷기 좋고 아이들 풀어놓고 쉬기 좋은 곳, 여름 땡볕 아래에 쉴 수 있는 그늘이 더 많았으면 하는 바람은 있음']",긍정,0.7681443095207214
한강_반포한강공원,0,976,0_사람_장소_야경_화장실,"['사람', '장소', '야경', '화장실', '편의점', '주차', '예쁘', '저녁', '바람', '여유']","['사람많고 조금은 시끄럽기도 하지만 잠깐의 여유와 함께 쉬기 좋은 장소', '특히 날씨가 선선한 날, 주말 저녁 등 인파가 많은 시간대에는 주차장에 진입하는 것조차 어려울 정도로 사람이 많아서 앉을 자리도 부족하고, 편의점은 줄이 무지막지하게 길어요 분수쇼가 펼쳐지는 시간대에 가면 경치가 아름답고, 멍때리기도 좋아요 그렇지만 주차하긴 너무 힘든 것 같아요', '먹거리 많고 야경 좋고 그래서 연인, 가족 단위의 사람이 많은 휴식처 단, 화장실에도 사람이 많음']",중립,0.7875316739082336
한강_반포한강공원,1,27,1_자전거_시설_주변_야경,"['자전거', '시설', '주변', '야경', '오토바이', '데이트', '필요', '코스', '바람', '항상']","['야경이 좋고 달리기나 자전거라이딩, 농구 등 운동하기 좋은 곳', '야경이 예쁜 곳 밤에 자전거 타고 달리기 좋음', '가끔 놀러가거나 자전거타기 좋습니다']",긍정,0.9527337551116943
한강_이촌한강공원,3,21,3_산책로_강과_인라인_동작대교,"['산책로', '강과', '인라인', '동작대교', '전망', '이촌', '설치', '잔디', '체육', '강남']","['자연학습장 옆에 대나무숲길도 조성돼 있어요 동작역 1번출구 나와 동작대교를 건너가 이촌한강공원 한강변 산책을 했구요 미루나무 가로수길도 있고 거북선나루터 지나 한강대교를 건너니 야경이 멋지네요', '동작대교와 한강대교에서 엘리베이터로 접근할 수 있으며 강변 산책로와 자전거길 등이 잘 설치되어 강변 산책과 운동, 석양과 노을 보기도 좋아요', '산책로가 가장 잘되어있는 한강공원']",긍정,0.9810501933097839
한강_뚝섬한강공원,1,39,1_날씨_관리_반려_볼거리,"['날씨', '관리', '반려', '볼거리', '다시', '재밌', '운동', '환경', '동반', '즐기']","['좋은 자전거 타새요 반려견 동반 환경 건강하세요', '겨울에는 슬라이드 놀이가 재밌어요☺️ 놀이터 슬라이드 야외 놀이터 화장실 네, 있습니다 반려견 동반 환경 응, 맞아요 피크닉 구역 잘 모르겠어요', '매일 위킹 갑니다 화장실 그런대로 관리가 잘되고있음 반려견 동반 환경 반려동물 천국']",긍정,0.9773543477058411
노원_수락산,0,37,0_산로_아름답_계곡_하이킹,"['산로', '아름답', '계곡', '하이킹', '경기도', '암벽', '상계동', '초보', '접근성', '도솔봉']","['도심에서 지하철로 연결된 가까운 산 계곡이 아름답고 물도 풍부하다 홈통바위가 유명하고 경기도 방향등 여러 방면에서 등반가능 눈을 밟으며 산행을 즐길 수 있는곳으로 그리 어렵지 않은 산행 코스', '등산코스는 경기도 남양주시 별내면 청학리에서 올라가는 코스가 가장 경치가 좋고 수락산의 진면목을 감상할 수 있다 사기막에서 오르는 또다른 길은 향로봉을 지나 영락대, 칠성대, 기차바위를 지나는 등산로가 있는데 가파른 암벽능선을 타고 가는 험로이기 때문에 초보자는 위험한 길이다 그외 상계동 은빛아파트에서 물개바위를 지나 정상으로 오르는 등산로가 있고 의정부시 장암동에서 시작해서 노강서원과 석림사를 거쳐 오르는 등산로가 있다', '등산코스는 경기도 남양주시 별내면 청학리에서 올라가는 코스가 가장 경치가 좋고 수락산의 진면목을 감상할 수 있다 사기막에서 오르는 또다른 길은 향로봉을 지나 영락대, 칠성대, 기차바위를 지나는 등산로가 있는데 가파른 암벽능선을 타고 가는 험로이기 때문에 초보자는 위험한 길이다 그외 상계동 은빛아파트에서 물개바위를 지나 정상으로 오르는 등산로가 있고 의정부시 장암동에서 시작해서 노강서원과 석림사를 거쳐 오르는 등산로가 있다 출처:네이버']",긍정,0.7308021783828735
노원_수락산,1,30,1_기차바위_힘들_멋지_방향,"['기차바위', '힘들', '멋지', '방향', '여름', '안전', '장소', '선택', '생각', '편하']","['기차바위 코스 강추', '덕릉고개~기차바위~장암역(7호선)으로 하산하는 코스도 있다', '당고개역에서 학림사 방향으로 시작해서 도솔봉다녀옴 그닥 힘들지않고 편하게 오를 수 있어서 좋았다']",긍정,0.9629472494125366
송파_석촌호수공원,0,439,0_벚꽃_대기_구경_석촌,"['벚꽃', '대기', '구경', '석촌', '방문일', '평일', '축제', '사진', '예약', '권장']","['벚꽃보다 사람이 더 많음', '어서 벚꽃이 폈으며뉴좋겠어요', '봄에 사람이 많지만 벚꽃이 진짜 예뻐요']",긍정,0.9618104696273804
송파_석촌호수공원,1,75,1_사계절_여유_자연_가을,"['사계절', '여유', '자연', '가을', '편안', '날씨', '가볍', '휴식', '거리', '즐기']","['사계절 예쁨 걷기 좋은 호수공원', '가을날씨에 가볍게 산보하기 좋은 공원', '도심에서 자연을 즐기며 여유를 즐길수 있는 장소']",긍정,0.9822485446929932
송파_석촌호수공원,5,14,5_반영_가꾸_나무_호숫가,"['반영', '가꾸', '나무', '호숫가', '트랙', '조화', '건물', '배경', '경관', '환상']","['나무와 꽃, 호수를 한번에 즐기는 산책의 명소', '주변의 고층 건물과 어우러져 사진찍기에도 좋은 곳이다 호수를 둘러싼 멋진 트랙이 있는 공원 초록빛깔의 호수가 아름답다', '도심과 주변 경관이 잘 조화롭게 가꾸어진 호수공원']",긍정,0.978091299533844
금천_금천체육공원,0,53,0_괜찮_자주_배드민턴_공기,"['괜찮', '자주', '배드민턴', '공기', '환경', '관리', '저녁', '동반', '이용', '반려']","['농구시설도 괜찮고 공터도있어서 좋았어요', '운동하기 좋음임다 농구코트 배드민턴장 미니헬스기구등 걷기트렉도 좋아요~', '자주찾는 주거인근 산책길 반려견 동반 환경 반려견 동반 가능한 산책길']",긍정,0.9864873290061951
